TransactionAmount,Channel,CustomerAge,CustomerOccupation,AccountBalance
14.09,ATM,70,Doctor,5112.21
376.24,ATM,68,Doctor,13758.91
126.29,Online,19,Student,1122.35
184.5,Online,26,Student,8569.06
13.45,Online,26,Student,7429.4
92.15,ATM,18,Student,781.68
7.08,ATM,37,Doctor,13316.71
171.42,Branch,67,Retired,2796.24
106.23,Branch,51,Engineer,9095.14
815.96,ATM,55,Doctor,1021.88
17.78,Online,52,Engineer,7599.52
190.02,Online,21,Student,1528.81
494.52,Branch,24,Student,1620.02
781.76,ATM,26,Student,189.69
166.99,Online,18,Student,299.93
465.45,ATM,36,Engineer,3465.54
555.8,Branch,19,Student,1131.26
492.93,Online,39,Engineer,5109.97
18.68,Branch,59,Retired,7948.37
71.48,Online,18,Student,6568.59
59.32,Branch,71,Retired,5750.89
85.77,Branch,38,Doctor,9146.19
52.2,Online,39,Engineer,8974.93
345.84,Online,22,Student,1402.5
145.54,Online,21,Student,1930.96
7.49,Online,65,Retired,3634.67
246.93,ATM,23,Student,673.35
40.32,Branch,37,Engineer,2686.52
127.45,Online,44,Doctor,1772.06
56.17,Branch,27,Student,1351.69
28.31,Online,59,Doctor,8334.47
59.12,ATM,29,Doctor,9823.64
396.45,ATM,49,Engineer,9690.15
877.81,Online,22,Student,399.0
255.26,Branch,45,Doctor,14815.87
124.76,Branch,49,Engineer,5764.72
78.13,Branch,26,Student,900.61
649.28,ATM,75,Retired,4875.86
795.31,ATM,66,Doctor,7914.88
335.63,Online,55,Retired,1019.39
328.47,ATM,63,Retired,4323.66
34.02,Online,38,Doctor,14214.48
241.42,Online,57,Doctor,13357.02
55.32,ATM,19,Student,241.79
304.31,Branch,27,Student,868.61
435.27,Branch,74,Retired,4673.28
164.49,Branch,26,Student,1509.27
510.24,Online,19,Student,781.7
626.9,Online,26,Student,265.51
22.01,Online,41,Engineer,1335.09
425.34,Online,69,Retired,3907.54
424.56,Online,51,Engineer,5183.85
85.43,Branch,67,Doctor,14904.9
169.5,Branch,28,Student,918.88
104.63,ATM,62,Retired,4477.78
316.95,Branch,25,Student,1324.03
60.54,Branch,57,Retired,3534.93
292.56,Branch,68,Retired,4638.37
386.52,Branch,48,Engineer,5630.61
112.07,Branch,23,Student,930.3
568.52,ATM,46,Engineer,5499.91
263.99,Branch,79,Retired,4175.02
349.64,Online,48,Engineer,6651.62
601.4,Branch,56,Engineer,8458.29
5.77,Online,50,Doctor,13988.12
201.33,Branch,42,Engineer,2585.07
298.42,Branch,56,Retired,3014.75
521.06,Branch,25,Student,1951.42
117.28,Online,60,Engineer,3665.77
189.12,Branch,32,Engineer,977.01
133.55,ATM,44,Engineer,3846.28
143.21,Online,35,Engineer,6374.82
24.77,ATM,62,Retired,5866.01
233.92,Online,26,Student,6537.62
1212.51,Branch,20,Student,605.95
232.12,ATM,37,Engineer,6689.87
162.63,Online,22,Student,634.17
91.53,Branch,44,Doctor,14676.05
120.29,Branch,19,Student,1362.39
174.25,Online,50,Doctor,10528.34
183.71,ATM,38,Engineer,552.52
345.39,Online,58,Engineer,6451.96
922.55,ATM,63,Retired,4715.84
259.91,Online,49,Doctor,7176.86
154.71,Online,34,Doctor,1523.72
1340.19,Online,54,Engineer,8654.28
24.56,Branch,64,Doctor,9869.93
568.07,ATM,48,Doctor,10556.81
9.61,Online,58,Doctor,12883.91
392.96,Online,24,Student,791.65
716.93,Online,60,Retired,4064.02
223.85,ATM,53,Engineer,2929.91
230.66,Branch,21,Student,618.05
442.12,Online,19,Student,1375.8
644.17,ATM,29,Engineer,1143.52
508.68,Branch,51,Engineer,7708.41
858.63,Branch,27,Student,1872.96
25.36,ATM,57,Engineer,201.04
147.62,Branch,71,Retired,2115.8
115.02,Branch,37,Doctor,7643.66
383.37,Branch,30,Engineer,8901.93
98.54,Online,20,Student,9383.43
83.24,Branch,55,Doctor,1181.31
196.16,Branch,27,Engineer,9418.86
129.94,ATM,32,Engineer,7954.92
306.9,Online,46,Engineer,9418.08
114.98,Online,59,Retired,6144.68
756.59,Branch,27,Student,420.65
503.76,Online,22,Student,447.82
143.03,ATM,63,Retired,7981.45
1045.22,ATM,53,Retired,1829.9
245.54,ATM,25,Student,985.06
254.37,Online,51,Engineer,8849.26
213.76,ATM,78,Retired,3528.72
327.86,Online,40,Engineer,480.16
2.5,Online,47,Doctor,12145.27
300.08,Online,68,Doctor,13546.75
56.98,ATM,43,Engineer,5688.37
407.65,Online,26,Engineer,8346.64
115.83,Branch,39,Engineer,6481.04
53.57,ATM,69,Retired,1651.33
63.34,Online,46,Doctor,11174.94
317.87,Online,27,Student,145.5
331.65,Online,41,Engineer,4172.57
5.04,ATM,56,Retired,5558.36
214.54,Online,70,Doctor,11151.53
598.81,Branch,57,Doctor,1415.52
841.28,Online,26,Student,1103.64
38.15,Online,26,Student,303.68
1036.66,Branch,58,Doctor,5541.57
124.72,Branch,33,Engineer,6309.8
302.45,Branch,78,Retired,5133.61
208.04,Online,47,Engineer,9344.98
5.77,Branch,23,Student,1117.97
381.33,ATM,56,Doctor,11835.35
16.16,ATM,50,Doctor,14401.17
486.08,Online,18,Student,1748.69
336.39,Branch,21,Student,1000.46
997.43,Online,69,Doctor,6810.05
234.57,Online,23,Student,263.98
6.0,Online,30,Doctor,5442.76
1049.92,ATM,80,Retired,2037.85
227.14,ATM,18,Student,341.94
233.74,Online,66,Retired,1066.59
113.02,Branch,69,Retired,6077.96
45.85,ATM,20,Student,1659.15
973.39,Branch,77,Retired,2042.22
514.95,Online,41,Doctor,421.93
415.5,ATM,66,Doctor,10113.66
265.76,Online,54,Retired,4446.17
69.4,Online,80,Retired,6452.77
332.93,Branch,35,Engineer,2788.2
267.9,Online,20,Student,596.16
496.03,Branch,61,Doctor,12904.66
376.26,ATM,37,Engineer,9062.4
83.02,Online,36,Engineer,9009.56
93.26,Online,20,Student,1152.2
803.37,Branch,68,Doctor,12168.37
35.76,Branch,23,Student,611.86
28.53,Online,62,Doctor,8670.53
139.53,Online,53,Doctor,10098.86
307.57,Branch,33,Doctor,5307.74
60.65,Branch,56,Retired,1047.28
74.86,Branch,70,Doctor,6921.48
117.97,Branch,51,Retired,1475.46
231.91,ATM,34,Engineer,112.76
126.21,Branch,75,Retired,5669.66
506.28,Online,53,Retired,1309.95
304.35,Branch,31,Engineer,4057.1
281.85,ATM,22,Student,1585.98
777.88,Branch,31,Engineer,6825.55
119.18,Branch,56,Retired,5516.5
177.19,Online,76,Retired,5343.3
260.88,Branch,22,Student,903.05
169.47,Online,24,Student,1806.16
73.23,Branch,26,Student,787.74
1362.55,ATM,29,Engineer,2429.68
792.57,ATM,19,Student,770.37
237.06,Online,71,Retired,1182.77
34.17,Online,54,Engineer,726.55
740.25,Online,41,Doctor,14464.3
453.54,ATM,58,Doctor,12046.3
300.47,Branch,73,Retired,7885.64
110.93,Branch,19,Student,1952.35
201.69,ATM,59,Doctor,7328.52
399.21,ATM,59,Engineer,3210.39
1041.88,Online,78,Retired,5726.2
630.36,ATM,62,Retired,1363.65
10.94,ATM,60,Engineer,1241.99
215.9,ATM,38,Doctor,7873.28
1422.55,Branch,79,Retired,5674.32
226.37,Branch,49,Doctor,9840.04
444.89,Branch,43,Doctor,10328.23
280.57,Online,25,Student,293.24
488.54,Branch,52,Engineer,7486.63
3.3,Branch,50,Doctor,11385.37
199.39,Branch,69,Retired,7264.79
20.36,Branch,62,Retired,2762.48
113.64,Online,62,Retired,6675.03
493.11,Branch,53,Retired,7432.99
307.41,ATM,19,Student,1057.0
11.18,Online,43,Doctor,5956.89
313.82,Branch,59,Engineer,7261.59
51.0,Branch,64,Retired,4943.16
140.98,Branch,60,Engineer,8127.48
288.04,ATM,68,Retired,1748.02
800.55,ATM,31,Engineer,9660.22
485.54,ATM,46,Engineer,6371.51
521.15,ATM,54,Doctor,9442.47
321.79,ATM,63,Retired,5959.2
304.93,ATM,65,Doctor,13531.22
432.08,ATM,40,Doctor,11500.62
694.2,ATM,61,Retired,1389.37
116.86,ATM,55,Engineer,6706.56
386.81,Online,57,Doctor,7175.29
74.88,ATM,25,Student,420.67
195.76,Branch,75,Retired,7323.53
134.7,ATM,50,Doctor,8395.85
890.24,Online,33,Engineer,5140.93
361.27,ATM,63,Doctor,7945.57
131.56,Branch,44,Doctor,5873.54
485.51,Online,76,Retired,3074.45
547.87,ATM,64,Retired,6155.76
457.3,Online,28,Engineer,8318.29
506.24,ATM,58,Engineer,230.09
486.59,Branch,57,Retired,2513.56
163.68,Branch,41,Doctor,10090.05
581.65,ATM,22,Student,480.19
52.01,ATM,48,Doctor,1120.88
630.24,ATM,21,Student,370.81
523.74,ATM,43,Doctor,13498.55
705.6,Branch,40,Doctor,14804.7
217.5,Branch,46,Engineer,3057.4
91.48,ATM,51,Doctor,14942.78
5.25,ATM,39,Doctor,14143.32
54.03,ATM,56,Retired,6736.3
736.73,Branch,48,Engineer,3313.07
368.91,Branch,54,Doctor,829.71
33.06,Online,53,Retired,1540.87
66.5,Online,32,Engineer,6820.23
177.08,Online,35,Doctor,13475.14
588.54,Branch,32,Engineer,714.45
173.5,ATM,21,Student,1306.91
78.33,Online,56,Engineer,7255.33
40.66,Branch,59,Retired,1153.84
97.22,Branch,77,Retired,6647.73
34.07,Branch,22,Student,8709.77
492.06,Online,23,Student,857.9
842.01,Online,53,Doctor,509.45
73.55,ATM,51,Engineer,2812.06
760.53,Online,57,Engineer,6179.91
273.08,Branch,26,Engineer,6609.3
371.69,Branch,67,Retired,3484.32
218.96,ATM,18,Student,754.21
227.39,Online,18,Student,751.09
237.99,Branch,39,Doctor,8510.09
186.6,Online,58,Doctor,1508.72
341.15,Online,18,Student,511.37
434.58,ATM,59,Doctor,12648.32
312.88,Branch,54,Engineer,233.21
75.15,ATM,23,Student,1092.92
23.3,ATM,59,Engineer,6711.15
47.38,Online,25,Student,459.37
512.81,Branch,79,Retired,6994.34
488.15,Branch,43,Engineer,7071.09
12.82,ATM,44,Engineer,9045.19
66.9,Online,79,Retired,5238.71
535.91,Online,43,Engineer,9642.12
270.72,Online,26,Engineer,6263.96
97.98,Branch,72,Retired,7460.33
196.08,Online,61,Retired,4233.82
251.18,ATM,42,Engineer,8303.9
44.52,Online,28,Student,314.28
178.87,Online,35,Doctor,5241.23
1176.28,ATM,54,Engineer,323.69
386.68,Branch,46,Doctor,6863.06
167.14,Online,76,Retired,3877.73
345.22,Branch,69,Retired,4046.58
74.85,ATM,72,Retired,2409.73
671.73,Branch,58,Engineer,5211.88
255.04,ATM,45,Engineer,6217.86
45.77,Online,25,Student,5978.12
329.69,Online,26,Student,1671.66
362.04,Branch,58,Doctor,8421.88
11.92,Branch,53,Doctor,14611.9
47.42,ATM,64,Doctor,8253.52
35.99,Branch,63,Retired,4489.79
151.19,Branch,37,Doctor,11903.82
242.62,Online,22,Student,483.02
48.72,Branch,21,Student,816.08
43.46,ATM,25,Student,578.06
1036.21,Online,25,Student,477.3
443.79,ATM,53,Retired,3133.85
365.14,Online,68,Retired,5894.09
757.41,ATM,22,Student,9532.42
20.54,Branch,51,Engineer,5327.03
475.36,ATM,34,Engineer,2000.6
34.74,ATM,56,Retired,6827.57
689.54,Branch,27,Student,1633.76
211.18,ATM,73,Retired,4069.17
211.36,Branch,51,Engineer,7943.47
744.41,Online,39,Engineer,8842.47
61.43,Online,24,Student,1882.77
167.44,Branch,37,Doctor,12526.71
361.46,Online,21,Student,4737.84
378.85,Branch,78,Retired,2300.53
241.11,Branch,30,Doctor,12385.05
131.93,Branch,31,Engineer,4547.06
20.28,Online,36,Engineer,2047.83
415.88,Branch,70,Doctor,10008.33
49.99,ATM,62,Retired,2299.64
1221.65,Online,27,Student,243.92
100.66,Branch,50,Doctor,14473.33
485.54,Online,19,Student,1533.32
321.15,Branch,46,Doctor,7005.05
711.3,Branch,21,Student,955.4
12.23,ATM,42,Engineer,7844.88
350.94,ATM,20,Student,221.56
301.85,Online,54,Engineer,6586.19
29.34,Online,65,Retired,3944.82
231.71,Branch,27,Student,1127.98
179.43,ATM,58,Retired,2626.63
36.71,Branch,48,Doctor,6459.38
138.12,Branch,53,Doctor,1649.69
233.24,ATM,33,Engineer,6939.23
609.14,ATM,39,Engineer,9033.87
436.64,Branch,31,Doctor,14365.18
870.43,Branch,29,Doctor,10115.18
354.4,ATM,74,Retired,7358.65
22.63,Online,53,Engineer,4438.03
182.19,Branch,26,Student,1176.1
126.81,Branch,26,Engineer,5427.98
288.17,Online,37,Engineer,3653.11
118.77,Branch,55,Engineer,2104.82
651.82,ATM,21,Student,1802.77
66.65,ATM,37,Engineer,3559.96
98.53,Branch,69,Retired,3564.8
138.95,Online,71,Retired,6752.92
33.89,Branch,26,Student,1444.75
23.71,Branch,58,Doctor,10788.89
1830.0,Online,55,Engineer,2235.7
26.06,ATM,65,Doctor,12893.63
17.07,Branch,27,Engineer,2798.15
703.89,Online,46,Engineer,3583.67
1271.9,ATM,47,Engineer,2120.8
26.55,ATM,77,Retired,3085.38
147.4,Branch,42,Engineer,6797.71
202.11,ATM,27,Student,746.47
308.42,Branch,75,Retired,5427.81
11.18,ATM,53,Engineer,7467.3
294.15,Online,38,Engineer,6362.16
29.58,Branch,54,Engineer,8345.26
139.45,Online,27,Student,1305.76
432.63,ATM,29,Doctor,13648.36
131.43,Online,43,Doctor,1337.5
516.72,ATM,42,Engineer,2015.69
121.82,Online,69,Doctor,8354.54
374.5,Branch,26,Student,1671.51
166.13,ATM,68,Doctor,11822.53
626.9,ATM,23,Student,587.11
466.85,Branch,56,Retired,5422.53
788.84,Online,58,Retired,1913.73
873.65,Online,37,Doctor,12139.83
525.28,ATM,69,Retired,4693.6
110.17,ATM,30,Engineer,464.2
632.69,ATM,80,Retired,4363.74
124.35,ATM,72,Retired,3319.76
43.85,ATM,62,Retired,4356.98
283.81,Branch,28,Student,1519.35
168.53,ATM,71,Retired,5962.58
218.59,Branch,40,Engineer,6699.23
132.84,ATM,21,Student,822.73
157.37,Branch,42,Doctor,13964.31
144.77,Online,20,Student,867.32
643.22,ATM,64,Doctor,1035.86
1392.54,Branch,41,Doctor,13347.69
208.07,Online,32,Doctor,8478.9
94.3,Branch,57,Doctor,11088.95
295.5,ATM,59,Retired,6280.66
30.23,ATM,44,Doctor,481.13
112.05,ATM,26,Student,1122.88
180.24,Branch,58,Engineer,8431.23
13.71,Online,38,Engineer,8342.79
96.54,Branch,58,Retired,7182.22
79.35,Online,67,Retired,1692.15
101.04,ATM,27,Student,1695.57
74.42,Online,49,Engineer,6264.21
39.66,Branch,52,Engineer,8497.34
99.36,ATM,40,Doctor,1272.12
123.85,Online,56,Engineer,3959.62
426.93,ATM,19,Student,476.19
133.73,Online,25,Student,1872.22
222.39,Online,49,Engineer,3117.39
215.94,Online,22,Student,1841.69
6.3,Branch,80,Retired,7697.68
826.23,ATM,29,Doctor,7580.59
416.37,Online,35,Engineer,7936.91
131.46,Branch,67,Retired,6642.33
202.86,Branch,61,Doctor,7642.25
268.39,ATM,26,Student,136.74
194.85,Online,23,Student,319.84
137.35,Online,40,Doctor,12662.66
712.75,Branch,44,Doctor,8126.06
353.82,ATM,42,Doctor,705.75
507.25,Branch,73,Retired,5331.57
212.74,Branch,27,Engineer,7645.47
364.42,ATM,51,Engineer,8119.73
195.12,ATM,46,Doctor,6101.15
230.61,Branch,80,Retired,2561.42
739.28,Branch,58,Doctor,11905.64
390.35,ATM,64,Doctor,7095.88
242.03,Online,58,Engineer,4382.73
242.39,ATM,18,Student,1328.73
135.03,ATM,23,Student,1278.0
83.5,Branch,61,Retired,1749.79
193.54,Branch,80,Retired,2929.51
617.36,Branch,29,Engineer,8926.38
775.23,Online,59,Doctor,5977.59
266.57,ATM,72,Retired,7676.92
153.4,ATM,45,Engineer,4657.7
946.94,Branch,53,Retired,5579.11
5.12,Branch,34,Engineer,3293.01
119.11,ATM,57,Engineer,7998.25
1096.7,Online,24,Student,1093.89
119.72,Branch,30,Engineer,3435.34
107.4,Online,58,Doctor,344.07
115.92,ATM,53,Retired,3897.17
438.04,ATM,67,Retired,5358.95
677.29,Online,27,Engineer,627.79
296.0,Branch,35,Doctor,7418.82
299.09,Branch,36,Engineer,5615.26
461.52,Branch,24,Student,1995.18
100.52,ATM,50,Engineer,453.39
85.35,ATM,66,Retired,2173.76
79.76,Branch,39,Engineer,6452.14
778.49,Online,75,Retired,7713.67
386.38,Online,42,Engineer,5528.36
165.25,Online,35,Doctor,9939.94
14.29,ATM,34,Engineer,7016.99
232.79,Branch,55,Retired,2661.3
1237.56,Branch,60,Engineer,9410.17
92.29,Branch,54,Engineer,2026.32
293.97,Branch,68,Retired,7371.85
136.32,Online,19,Student,264.83
251.06,Online,36,Doctor,10001.66
50.17,ATM,77,Retired,7752.14
21.4,Branch,34,Engineer,9594.11
73.28,Branch,21,Student,1329.41
70.23,ATM,38,Doctor,11624.93
689.29,ATM,22,Student,168.84
745.03,Online,28,Student,160.57
54.61,ATM,58,Engineer,7135.64
54.05,Branch,27,Student,469.14
107.47,Online,67,Retired,7517.5
611.11,ATM,20,Student,919.84
219.63,ATM,48,Doctor,8013.63
188.7,Branch,54,Retired,5077.06
93.52,Online,51,Engineer,2791.2
275.92,Branch,62,Retired,1777.38
376.79,Branch,68,Retired,7749.14
8.98,Online,66,Retired,4516.76
697.32,Online,68,Retired,2016.02
17.45,ATM,18,Student,1959.52
302.16,Online,80,Retired,3876.61
442.74,Branch,23,Student,1790.27
623.9,ATM,27,Student,711.47
445.41,ATM,35,Doctor,12154.66
63.41,ATM,26,Student,1546.22
346.85,ATM,44,Doctor,7208.15
71.95,Online,59,Engineer,9267.32
7.5,Online,63,Retired,6485.78
206.46,ATM,65,Retired,3984.38
423.11,ATM,60,Engineer,412.78
35.84,Online,54,Retired,4795.65
88.6,Branch,28,Student,246.57
1431.3,ATM,18,Student,1058.13
53.81,ATM,55,Engineer,2564.62
22.46,Online,54,Retired,6631.5
334.89,Online,21,Student,1661.68
319.27,Online,54,Retired,5504.01
144.3,ATM,18,Student,312.19
348.7,Branch,69,Retired,2445.58
366.21,ATM,62,Doctor,10862.99
99.11,Online,55,Retired,5414.87
539.35,ATM,55,Retired,3919.44
188.99,Branch,58,Engineer,7315.34
1416.69,ATM,46,Engineer,3740.73
710.14,ATM,26,Student,465.63
308.68,Online,53,Doctor,9992.36
166.68,ATM,57,Retired,5141.19
0.99,ATM,45,Engineer,4317.85
505.19,ATM,30,Doctor,5326.68
66.58,Branch,23,Student,1636.32
223.43,Branch,77,Retired,7932.41
659.95,Online,60,Engineer,3927.69
634.86,ATM,27,Student,588.5
286.5,Branch,30,Engineer,8517.95
322.96,Branch,76,Retired,2401.59
654.48,Branch,19,Student,6776.41
157.97,Branch,48,Doctor,5529.92
120.9,Branch,40,Doctor,9009.42
254.77,Branch,57,Engineer,5994.87
795.96,Online,65,Retired,5468.58
149.25,ATM,39,Engineer,5677.52
3.42,Online,43,Doctor,14180.21
68.19,Online,40,Doctor,9895.1
493.42,Branch,39,Engineer,2232.84
37.57,ATM,57,Retired,7739.54
127.0,Branch,19,Student,431.16
96.89,ATM,59,Retired,6044.93
448.33,ATM,25,Student,922.19
1116.48,ATM,51,Engineer,447.53
8.65,Online,48,Doctor,10778.35
65.57,Online,41,Engineer,7513.79
539.81,Online,46,Engineer,2051.25
363.53,ATM,63,Retired,1038.91
64.9,Branch,51,Retired,6854.61
358.18,ATM,18,Student,619.86
167.2,Branch,30,Doctor,11320.83
121.91,Branch,60,Doctor,14510.8
137.57,Online,54,Engineer,5103.67
534.62,Online,55,Doctor,13793.53
463.92,Online,50,Engineer,2403.39
320.14,Online,60,Retired,3075.97
214.93,Online,28,Student,7835.4
660.02,Branch,20,Student,414.43
345.81,Branch,40,Engineer,6116.8
143.54,ATM,71,Retired,6067.62
42.55,Branch,53,Engineer,7341.43
1063.25,Online,21,Student,1240.71
541.79,ATM,22,Student,1454.08
40.57,Branch,26,Student,1476.91
120.24,Branch,18,Student,1943.13
498.67,Online,28,Student,1719.97
227.22,ATM,53,Doctor,832.82
1182.86,Online,30,Engineer,7696.16
56.94,Online,76,Retired,7004.63
629.82,ATM,68,Retired,6385.69
59.44,Online,35,Engineer,5472.03
186.69,Branch,30,Engineer,8602.22
230.46,Online,19,Student,162.53
65.09,Online,44,Engineer,9370.9
457.09,Online,55,Engineer,8570.82
552.02,ATM,44,Engineer,522.08
377.12,ATM,34,Engineer,836.67
204.56,Branch,18,Student,364.72
420.28,Branch,35,Doctor,8557.32
97.09,ATM,24,Student,1579.57
124.59,Branch,27,Student,129.29
73.88,Online,39,Doctor,6474.41
77.43,Online,21,Student,1380.21
106.16,ATM,56,Doctor,7487.79
245.93,Branch,54,Engineer,7986.63
622.41,ATM,64,Doctor,7322.01
43.73,ATM,34,Doctor,9929.43
1282.86,Branch,19,Student,1830.98
2.03,ATM,33,Engineer,3012.31
770.65,Online,31,Doctor,7198.8
260.31,Branch,63,Doctor,10980.38
356.1,Branch,26,Student,868.35
27.07,Branch,80,Retired,3773.29
119.89,ATM,67,Doctor,6697.77
106.39,Online,37,Doctor,9410.99
12.04,Online,37,Engineer,6213.32
365.7,Branch,21,Student,368.78
29.38,Branch,28,Student,1663.31
319.85,ATM,60,Doctor,711.66
350.14,Online,75,Retired,2403.25
163.94,Branch,52,Retired,5957.37
170.53,Branch,24,Student,801.01
262.22,ATM,40,Engineer,5711.71
41.49,Online,24,Student,928.33
121.43,Branch,52,Engineer,7365.28
350.46,Branch,51,Retired,5839.38
220.41,Online,26,Engineer,5116.98
33.46,ATM,72,Retired,3641.07
104.79,ATM,70,Doctor,1352.19
246.27,Online,29,Doctor,7299.86
48.85,ATM,19,Student,1503.56
332.0,ATM,69,Retired,5943.13
118.1,Online,54,Engineer,895.66
84.59,Branch,67,Doctor,5669.1
295.64,Online,21,Student,1061.96
514.33,Branch,25,Student,1592.94
992.17,ATM,43,Doctor,6215.96
94.59,Online,39,Doctor,6171.89
80.43,Branch,59,Retired,5987.67
54.25,Online,68,Doctor,14783.33
178.88,Branch,76,Retired,4708.29
518.85,Online,22,Student,1806.0
10.65,Online,54,Doctor,13240.72
198.62,Branch,27,Student,1196.07
107.03,Branch,27,Student,1408.07
139.57,ATM,19,Student,271.78
312.47,ATM,49,Engineer,9419.27
346.11,Branch,41,Engineer,9551.64
138.06,Branch,44,Engineer,1070.47
158.02,ATM,49,Engineer,9374.24
830.01,Online,66,Retired,4253.18
435.5,ATM,55,Retired,6981.03
110.49,Online,57,Doctor,10483.93
329.4,Online,34,Doctor,9588.07
635.4,ATM,47,Doctor,1238.11
769.97,Branch,22,Student,1244.93
175.07,Branch,26,Student,1040.25
7.31,Branch,78,Retired,5757.67
175.15,ATM,27,Student,1712.65
32.54,Online,25,Student,1544.88
121.82,Online,60,Doctor,13293.83
56.12,ATM,30,Doctor,8839.67
424.7,Online,56,Retired,6239.89
35.16,Branch,32,Engineer,8459.18
35.73,Branch,65,Doctor,9073.17
3.44,ATM,78,Retired,7561.33
1342.25,Branch,21,Student,694.03
139.03,Online,50,Engineer,2276.57
254.92,ATM,28,Engineer,2791.12
115.11,Online,28,Engineer,9808.97
171.11,ATM,57,Retired,6324.09
168.54,ATM,70,Doctor,13406.0
420.76,Branch,51,Retired,6581.55
408.46,Branch,64,Retired,3140.79
1162.42,Online,30,Doctor,10357.26
342.17,Branch,21,Student,461.83
580.71,ATM,53,Engineer,5670.0
821.54,Branch,79,Retired,4040.32
253.47,Branch,20,Student,220.51
22.81,Online,62,Retired,3634.76
266.57,Online,39,Engineer,7180.48
374.61,Online,75,Retired,1389.71
339.35,ATM,78,Retired,5002.7
810.36,ATM,20,Student,9239.12
9.83,ATM,24,Student,666.42
135.57,Branch,51,Doctor,11351.64
340.05,ATM,43,Engineer,7234.15
283.45,Branch,27,Engineer,2049.51
100.99,ATM,68,Doctor,8865.27
90.88,Branch,18,Student,3908.47
655.15,ATM,26,Engineer,5587.44
320.55,Online,50,Engineer,438.75
41.51,Online,28,Student,609.6
71.53,Branch,68,Retired,2393.73
467.13,Branch,54,Retired,3914.84
235.4,Branch,28,Student,818.36
159.32,Branch,18,Student,304.44
50.83,Online,30,Doctor,9553.42
56.89,Branch,59,Engineer,3034.67
20.22,ATM,43,Engineer,5515.32
50.4,Branch,36,Doctor,1677.01
73.88,Branch,53,Retired,4055.55
119.61,ATM,33,Doctor,9899.94
1241.05,Branch,18,Student,756.74
116.58,Branch,43,Engineer,2620.74
1919.11,ATM,30,Doctor,11090.24
391.96,ATM,64,Retired,2174.16
156.26,Branch,46,Engineer,7854.1
427.0,Branch,49,Engineer,8253.65
443.68,ATM,18,Student,874.15
101.76,Branch,31,Doctor,6043.25
67.57,Branch,37,Engineer,2766.12
326.29,Online,56,Engineer,8171.26
158.56,ATM,33,Doctor,5401.21
56.02,Online,27,Student,3548.02
288.28,Online,27,Student,160.83
245.67,Branch,24,Student,752.25
152.18,Online,39,Engineer,2459.84
114.35,Branch,41,Engineer,469.12
373.27,Online,61,Doctor,8441.61
504.63,Online,60,Engineer,3806.16
126.22,ATM,46,Engineer,6133.41
820.15,Branch,47,Doctor,8802.97
986.81,Online,68,Doctor,14881.77
8.37,ATM,63,Retired,1106.34
197.49,Online,53,Retired,5005.33
637.97,Branch,58,Retired,7949.03
13.52,ATM,26,Student,259.77
432.1,ATM,49,Engineer,2114.3
375.17,ATM,51,Engineer,5495.3
642.68,Branch,50,Doctor,8461.46
78.44,Online,52,Retired,6870.84
139.72,Branch,49,Engineer,5058.83
499.99,Branch,31,Engineer,8885.0
10.07,Online,24,Student,530.81
120.62,ATM,23,Student,9379.53
578.49,Branch,59,Retired,6475.13
119.3,Branch,34,Engineer,319.04
280.92,Online,41,Doctor,5298.85
42.42,Online,21,Student,490.57
77.03,ATM,67,Doctor,11310.27
22.59,ATM,62,Retired,3988.75
568.76,ATM,51,Retired,7484.32
25.94,Online,58,Retired,4815.11
105.94,Branch,51,Engineer,5963.1
733.29,ATM,52,Doctor,10427.0
350.15,ATM,21,Student,296.47
1151.18,ATM,65,Doctor,1100.06
183.67,Online,19,Student,910.26
278.27,Branch,29,Doctor,6684.34
470.3,ATM,40,Doctor,8524.09
261.69,ATM,53,Retired,5126.65
365.04,Branch,22,Student,873.89
211.1,Branch,57,Retired,7059.77
21.49,ATM,58,Doctor,11991.24
63.58,ATM,18,Student,8086.04
321.86,ATM,63,Doctor,12626.49
12.11,Branch,75,Retired,1730.28
642.54,Branch,44,Engineer,3143.17
210.45,ATM,27,Student,1242.49
313.65,Branch,55,Retired,1886.36
99.76,Branch,26,Student,416.89
115.32,Branch,53,Retired,5929.08
33.61,Online,23,Student,479.08
498.59,Online,33,Doctor,5862.99
98.81,Branch,27,Student,797.1
1.87,ATM,65,Retired,7287.94
78.92,Online,59,Engineer,5624.86
194.29,Branch,39,Engineer,2988.41
28.73,ATM,53,Engineer,2712.96
105.53,Online,24,Student,1433.66
737.34,Online,30,Doctor,7336.56
237.86,ATM,18,Student,475.63
409.61,Branch,65,Doctor,11698.15
75.53,Online,21,Student,1034.35
72.75,ATM,64,Doctor,12042.79
39.11,Online,26,Student,518.54
1309.79,ATM,23,Student,1258.93
729.38,ATM,68,Doctor,9127.65
137.49,ATM,34,Engineer,4471.05
504.71,Online,29,Engineer,6214.54
371.47,Branch,24,Student,1187.04
430.35,Online,36,Doctor,354.9
230.32,Branch,35,Engineer,791.46
121.71,ATM,52,Retired,5878.89
98.87,Online,20,Student,533.2
117.55,ATM,24,Student,897.94
244.64,Branch,30,Doctor,9159.56
321.93,ATM,45,Engineer,4392.73
1092.73,Branch,58,Retired,1390.98
283.23,Online,40,Engineer,2008.77
346.65,Online,30,Engineer,6356.96
381.62,Online,64,Retired,6009.12
388.65,ATM,76,Retired,7896.85
29.22,ATM,24,Student,1649.43
46.75,Branch,67,Retired,2840.43
348.64,Online,57,Retired,3274.96
319.17,Online,73,Retired,6501.56
73.95,ATM,26,Student,363.92
389.63,Online,27,Engineer,9748.48
217.61,ATM,19,Student,1404.53
199.84,ATM,21,Student,706.44
56.35,ATM,44,Doctor,5095.73
248.95,Branch,65,Retired,3059.79
142.58,ATM,33,Engineer,7844.23
1020.73,ATM,28,Student,1119.61
84.34,Online,58,Retired,5313.97
1607.55,ATM,31,Engineer,6227.99
333.78,ATM,60,Retired,6810.94
332.59,Online,55,Retired,1457.07
236.81,Branch,22,Student,813.68
417.8,Branch,27,Student,1518.82
319.27,ATM,50,Doctor,10269.78
384.1,Branch,42,Engineer,672.79
820.62,Branch,61,Doctor,6024.8
474.77,Online,56,Engineer,2158.59
542.72,Branch,43,Doctor,6011.8
79.8,ATM,73,Retired,6372.58
46.24,Branch,57,Engineer,2569.56
327.8,ATM,61,Doctor,10585.48
445.79,ATM,52,Doctor,717.99
55.89,Online,72,Retired,3689.65
158.41,Branch,28,Student,1512.16
101.19,Online,64,Doctor,14389.45
827.14,Branch,36,Engineer,9800.21
61.97,ATM,74,Retired,7014.69
27.21,ATM,79,Retired,3520.61
173.74,Online,80,Retired,4913.42
176.11,Branch,38,Engineer,9155.35
88.4,Online,46,Engineer,2567.53
567.92,Online,53,Retired,3779.47
138.11,Online,68,Retired,4177.65
456.93,Branch,28,Engineer,7284.76
101.42,Online,66,Retired,6530.59
300.61,Online,44,Doctor,7895.54
265.94,Online,54,Engineer,6781.3
345.54,Online,29,Engineer,2091.78
411.52,ATM,41,Doctor,11108.39
111.21,Branch,35,Doctor,9088.36
316.37,ATM,53,Engineer,4671.69
260.63,Branch,37,Engineer,7534.73
92.36,ATM,29,Engineer,6353.14
262.06,Branch,63,Doctor,13587.52
64.5,ATM,74,Retired,1351.24
253.55,ATM,28,Engineer,2797.26
408.28,Branch,21,Student,1222.77
175.94,ATM,57,Retired,3728.04
199.47,Online,57,Doctor,6067.44
51.07,Branch,63,Retired,4292.16
435.86,ATM,56,Retired,3801.82
74.73,Branch,64,Retired,6353.22
182.79,Online,23,Student,1251.85
628.36,Online,44,Doctor,11869.71
268.39,Online,29,Doctor,9409.43
362.27,ATM,80,Retired,6003.59
560.15,Online,50,Engineer,817.83
351.99,ATM,80,Retired,3663.64
132.36,Branch,28,Student,319.65
24.77,Online,40,Engineer,478.23
668.67,Online,44,Doctor,13446.81
80.24,Branch,53,Doctor,8012.81
8.65,ATM,68,Retired,4201.22
178.91,ATM,18,Student,8870.89
115.22,Branch,27,Engineer,906.2
161.63,Online,46,Doctor,9286.37
542.75,Branch,70,Retired,2224.08
317.47,Online,67,Doctor,14639.28
280.99,Branch,45,Engineer,9733.59
24.19,ATM,29,Engineer,2756.2
586.85,ATM,36,Doctor,6655.15
372.41,ATM,55,Retired,3233.87
63.17,ATM,20,Student,1676.57
383.69,Online,54,Engineer,8371.11
247.17,Branch,65,Retired,2611.64
48.78,Branch,18,Student,552.06
4.15,Branch,60,Retired,6017.36
60.99,Branch,34,Engineer,7281.46
408.19,Branch,26,Engineer,6847.47
524.6,Branch,58,Doctor,13017.7
108.96,ATM,26,Student,7597.66
70.03,Branch,63,Retired,7330.31
124.84,Online,52,Retired,6711.78
324.04,ATM,54,Retired,2248.06
39.69,Online,70,Retired,3524.68
157.7,Branch,58,Engineer,8332.58
81.27,Online,22,Student,1814.48
193.82,Branch,37,Engineer,3886.77
16.73,Online,79,Retired,7591.13
474.05,ATM,57,Retired,1484.31
39.21,ATM,66,Doctor,9385.57
637.75,Branch,79,Retired,4202.92
153.59,Branch,66,Retired,4813.12
186.6,Branch,18,Student,9716.68
644.08,Online,24,Student,1980.62
226.66,Branch,41,Doctor,10216.25
305.0,ATM,22,Student,944.83
233.1,Branch,42,Doctor,7469.2
793.13,Online,68,Doctor,13389.16
224.19,ATM,52,Doctor,8475.47
214.83,ATM,23,Student,991.69
163.46,Branch,63,Retired,6953.8
194.99,Branch,34,Engineer,1370.03
23.4,ATM,46,Doctor,14851.28
227.5,Online,34,Doctor,11505.35
259.9,Online,26,Student,914.28
59.51,Online,36,Doctor,9955.88
50.63,Online,64,Retired,4732.81
1074.95,Branch,20,Student,530.86
112.94,Online,73,Retired,3807.84
11.81,ATM,21,Student,320.25
329.14,Branch,55,Doctor,12033.92
154.24,ATM,61,Retired,6109.55
233.44,Online,20,Student,1691.88
141.8,ATM,18,Student,1697.67
209.03,Branch,55,Engineer,8359.5
1137.63,ATM,26,Student,1629.12
261.14,ATM,42,Engineer,6100.08
101.81,ATM,45,Doctor,13872.03
98.71,ATM,32,Doctor,10095.23
87.38,Branch,21,Student,1504.99
83.39,Branch,32,Doctor,13182.11
267.55,Online,46,Engineer,4330.04
870.05,ATM,29,Doctor,905.25
154.32,ATM,38,Engineer,6972.5
164.51,Branch,78,Retired,3553.69
758.12,ATM,69,Retired,6164.65
103.76,Online,28,Engineer,9626.14
583.92,Online,55,Engineer,6364.14
204.06,Online,77,Retired,4351.83
53.51,Online,56,Retired,5773.5
1108.46,Branch,30,Engineer,9257.04
52.95,Online,68,Retired,6335.58
120.17,ATM,49,Doctor,5403.79
220.8,Online,31,Engineer,8135.31
119.01,ATM,45,Doctor,9798.26
183.32,ATM,21,Student,137.42
858.88,Online,60,Engineer,7015.46
11.46,Online,41,Engineer,2356.71
61.37,Branch,75,Retired,4294.44
103.08,Branch,49,Engineer,9251.38
1.21,Branch,55,Retired,7542.74
425.18,Online,26,Engineer,9880.71
60.96,ATM,52,Retired,6189.24
64.21,ATM,51,Doctor,12540.18
523.02,Online,53,Retired,4586.11
50.26,Branch,65,Retired,1519.38
110.08,Branch,19,Student,1447.26
54.47,Branch,23,Student,1131.42
79.76,Online,68,Doctor,10278.75
16.79,Online,30,Doctor,535.15
1531.31,Online,18,Student,859.86
68.62,Branch,29,Doctor,13891.47
157.16,Branch,20,Student,1545.77
643.38,Online,18,Student,1046.74
328.34,Online,42,Engineer,2840.45
72.68,Online,69,Retired,6216.77
354.76,Branch,51,Doctor,10141.92
793.88,ATM,22,Student,1404.06
29.22,ATM,27,Engineer,7795.79
653.97,Online,37,Engineer,3886.65
366.43,Online,21,Student,1560.45
120.86,Online,33,Doctor,13566.58
233.74,Online,72,Retired,4749.54
471.84,ATM,18,Student,1044.33
213.4,Branch,73,Retired,2012.24
254.21,ATM,48,Engineer,2487.2
577.73,ATM,37,Doctor,14977.99
170.26,ATM,27,Student,1969.48
337.73,Online,78,Retired,7001.2
330.61,Branch,64,Retired,2525.25
132.33,ATM,35,Engineer,7457.94
672.74,Branch,46,Engineer,5386.52
74.04,Online,18,Student,1690.23
197.18,Online,28,Engineer,3114.92
21.15,Branch,70,Retired,3466.74
218.37,ATM,62,Doctor,9942.24
590.01,Online,29,Doctor,9791.74
697.82,Online,44,Engineer,6824.0
302.76,ATM,38,Engineer,8583.39
148.0,Branch,20,Student,1488.65
22.26,Branch,19,Student,5583.88
0.86,ATM,25,Student,1357.22
757.1,Branch,65,Doctor,10553.23
38.81,Online,25,Student,1619.6
76.51,Online,49,Engineer,9475.4
32.46,Online,31,Doctor,8656.18
1022.75,Branch,62,Doctor,207.74
20.64,Branch,22,Student,949.38
662.11,Branch,23,Student,1996.38
288.77,ATM,55,Engineer,8836.51
35.05,Branch,30,Doctor,14330.47
214.73,ATM,46,Doctor,5368.42
25.38,Branch,57,Engineer,8616.05
617.66,ATM,41,Engineer,5906.58
446.39,ATM,63,Retired,7863.6
377.92,Branch,33,Engineer,2254.71
11.04,Online,30,Engineer,6983.04
275.46,ATM,36,Doctor,9697.75
179.76,Online,78,Retired,5909.52
32.34,Branch,44,Doctor,7847.62
273.92,Branch,79,Retired,4543.56
375.45,Branch,19,Student,1307.23
388.98,ATM,23,Student,1819.91
492.84,ATM,25,Student,577.67
148.85,ATM,57,Doctor,7802.36
119.95,Branch,62,Retired,2596.61
391.66,Branch,50,Engineer,2406.31
185.99,Branch,41,Engineer,402.45
322.48,ATM,27,Student,1238.43
20.27,Branch,18,Student,796.35
280.61,ATM,47,Engineer,7888.76
199.02,ATM,61,Retired,4658.89
104.23,Online,63,Retired,5009.29
353.59,Branch,52,Retired,1822.34
55.86,Online,39,Engineer,5346.46
10.77,ATM,31,Doctor,10704.95
95.55,Branch,33,Engineer,2434.74
477.07,Online,27,Engineer,6568.07
9.1,Online,52,Retired,2791.45
21.41,Online,57,Doctor,658.91
278.28,Branch,28,Student,1346.88
388.1,Online,73,Retired,3022.12
215.39,ATM,27,Student,1582.55
194.37,ATM,66,Doctor,14395.88
37.7,ATM,20,Student,1741.1
19.59,Branch,64,Retired,1061.69
81.35,Online,41,Engineer,7192.45
314.54,Branch,58,Engineer,9923.45
466.64,ATM,58,Doctor,10915.11
397.01,ATM,22,Student,719.52
472.48,Branch,55,Engineer,7128.82
67.15,Online,59,Doctor,9028.49
102.67,Branch,79,Retired,4656.94
460.09,Online,35,Doctor,6990.64
453.49,Branch,66,Doctor,6366.43
267.17,ATM,26,Student,1382.62
111.26,ATM,66,Doctor,14350.11
121.17,ATM,68,Doctor,12990.77
213.28,Branch,51,Retired,4835.91
187.88,ATM,60,Engineer,2154.58
471.88,Online,34,Doctor,14833.34
83.79,ATM,57,Engineer,5061.3
212.14,Branch,72,Retired,7225.06
99.16,Online,79,Retired,2607.58
839.33,Branch,60,Doctor,11538.97
29.91,Online,76,Retired,2834.84
4.24,Online,38,Engineer,7822.73
50.29,Online,58,Doctor,7604.9
135.85,Online,57,Retired,1480.39
368.53,Branch,68,Doctor,13696.31
17.95,Branch,64,Doctor,12344.9
127.8,Branch,31,Engineer,8630.99
16.73,Online,45,Engineer,2202.62
317.12,Branch,44,Doctor,14409.74
476.63,ATM,79,Retired,4894.25
156.58,Branch,24,Student,8981.61
55.12,Online,34,Engineer,3791.99
15.74,Branch,27,Student,690.16
353.68,Online,70,Retired,6777.12
297.15,Online,76,Retired,5449.37
647.85,Branch,36,Doctor,13779.97
75.04,ATM,49,Engineer,9648.6
273.92,Online,28,Student,1029.15
215.8,Branch,51,Retired,3656.62
963.77,ATM,41,Engineer,6710.51
420.6,Branch,26,Student,1778.75
688.36,Branch,23,Student,5191.13
285.18,Branch,55,Doctor,14847.97
213.55,ATM,63,Doctor,5238.37
463.11,Branch,51,Doctor,10238.82
150.03,ATM,73,Retired,7491.42
428.61,Branch,51,Retired,2116.36
309.56,Online,58,Doctor,972.04
377.08,Branch,26,Student,6430.86
77.25,Branch,68,Doctor,14077.97
146.92,ATM,64,Retired,3990.6
126.6,Branch,22,Student,961.65
101.34,ATM,24,Student,703.26
184.97,Branch,58,Doctor,1156.67
451.15,ATM,46,Engineer,1356.47
516.47,ATM,25,Student,1305.06
880.04,ATM,25,Student,261.97
353.69,Online,59,Engineer,9500.79
66.69,Branch,25,Student,1210.33
95.75,Branch,31,Engineer,337.62
43.91,Online,27,Student,1806.68
98.03,Branch,54,Engineer,6323.45
617.66,ATM,42,Engineer,7155.95
888.57,Online,62,Retired,7896.14
107.48,Branch,22,Student,591.23
36.57,ATM,62,Retired,2583.07
575.62,Online,43,Doctor,234.41
84.89,ATM,37,Engineer,4735.61
832.3,Branch,69,Retired,6617.52
180.65,Branch,22,Student,816.01
7.76,Online,52,Retired,7393.11
109.3,Branch,56,Doctor,13510.11
230.08,Online,79,Retired,4466.1
361.92,ATM,54,Retired,7474.31
71.29,ATM,68,Retired,7225.63
122.45,Branch,46,Doctor,7255.49
642.53,ATM,65,Doctor,11417.91
62.86,Branch,25,Student,1040.43
175.21,ATM,69,Doctor,6039.04
168.0,Branch,32,Engineer,3498.58
11.46,Online,67,Retired,6628.75
382.07,Branch,62,Doctor,10156.09
13.48,Online,18,Student,521.88
65.32,ATM,28,Student,9165.02
83.07,Branch,27,Engineer,6704.76
730.1,Branch,77,Retired,6384.05
85.31,ATM,62,Retired,6095.65
726.61,ATM,18,Student,1008.76
130.4,Branch,45,Engineer,4381.24
68.1,ATM,20,Student,1382.8
65.26,Branch,26,Student,7380.63
191.62,Branch,63,Doctor,1981.67
212.88,Online,39,Doctor,7036.72
88.38,ATM,30,Engineer,3707.82
48.77,Online,42,Engineer,2040.16
289.1,ATM,27,Student,267.53
390.09,Online,26,Engineer,2617.23
48.29,Online,37,Engineer,8883.4
333.83,ATM,63,Retired,1660.66
1074.29,Branch,67,Retired,2011.6
100.27,Online,79,Retired,4309.9
44.54,ATM,31,Engineer,362.4
1156.18,Online,52,Doctor,836.69
82.17,Branch,28,Student,1913.06
1045.45,Online,19,Student,563.46
447.42,Online,32,Engineer,6133.22
590.26,Branch,25,Student,1068.28
192.73,Branch,71,Retired,2037.75
146.01,Online,26,Student,221.79
136.05,Online,24,Student,1127.54
11.57,Branch,56,Retired,2061.61
102.34,Online,51,Doctor,9326.28
7.82,ATM,36,Engineer,2240.49
79.43,ATM,74,Retired,6579.37
386.97,Branch,58,Retired,1876.35
51.22,Branch,23,Student,1664.59
256.05,ATM,54,Retired,6910.18
7.79,Branch,34,Doctor,1319.85
233.71,Branch,63,Doctor,6095.5
176.37,Branch,55,Retired,2420.86
122.63,Branch,21,Student,359.06
86.41,ATM,75,Retired,3128.71
21.57,ATM,54,Retired,7587.48
82.67,Branch,26,Student,290.59
451.35,Branch,47,Engineer,7707.96
299.42,Branch,63,Retired,4735.41
543.47,ATM,18,Student,6165.03
346.76,Branch,21,Student,1637.75
47.48,Branch,24,Student,585.52
64.92,Branch,58,Engineer,5481.76
350.72,ATM,28,Student,1982.9
3.8,Online,65,Doctor,5766.96
22.54,Online,26,Engineer,7139.11
767.14,Branch,62,Retired,4732.57
167.47,ATM,35,Engineer,2293.13
43.65,Branch,30,Engineer,2870.67
391.08,Online,56,Retired,6885.16
390.77,Online,44,Doctor,5500.56
508.16,ATM,39,Engineer,5609.44
36.76,Online,65,Retired,1228.93
332.33,ATM,27,Student,192.63
362.09,Branch,32,Engineer,6590.28
42.58,Online,30,Doctor,13485.0
122.35,Branch,53,Retired,6472.5
248.66,Online,28,Engineer,2571.39
461.25,Online,54,Doctor,676.1
61.77,Branch,56,Doctor,12352.2
268.92,Branch,29,Engineer,8765.38
303.97,Online,24,Student,1590.88
219.02,Online,54,Engineer,7375.73
125.14,Branch,20,Student,1845.18
47.6,Online,53,Engineer,1382.51
592.82,Online,74,Retired,7508.98
372.5,ATM,22,Student,3901.82
4.72,Branch,32,Engineer,4792.01
144.93,Branch,42,Engineer,6887.52
316.56,Online,28,Engineer,8643.51
9.18,Online,22,Student,887.32
421.25,Online,25,Student,7174.69
185.71,Branch,48,Engineer,2679.91
1432.02,Branch,60,Retired,4315.07
26.27,Online,45,Engineer,8853.93
297.03,Online,61,Retired,1088.62
341.67,Branch,53,Retired,1442.29
99.52,ATM,52,Engineer,3798.09
881.1,Branch,28,Student,9951.68
139.69,Online,52,Engineer,9567.94
42.72,ATM,37,Engineer,2669.66
112.72,Branch,31,Doctor,9630.0
568.88,Branch,19,Student,1307.86
189.03,ATM,28,Student,1916.46
199.8,ATM,20,Student,167.28
189.08,Branch,68,Doctor,10790.8
958.9,Branch,31,Engineer,9977.49
409.59,Online,35,Doctor,14563.02
349.34,ATM,28,Student,614.14
283.15,Online,24,Student,603.79
151.82,ATM,51,Retired,2197.12
438.59,Online,37,Engineer,8994.39
590.57,ATM,79,Retired,3224.6
63.74,Online,63,Retired,4336.4
77.02,Online,59,Doctor,800.83
501.15,Branch,47,Engineer,8821.84
917.81,ATM,64,Retired,3173.17
8.95,Online,76,Retired,3299.84
173.6,Online,21,Student,421.44
149.4,ATM,53,Retired,1035.22
388.21,Branch,53,Doctor,9724.49
484.3,Online,61,Retired,7910.3
126.04,Branch,65,Retired,6041.69
52.04,Branch,50,Doctor,8436.12
389.7,Branch,62,Doctor,7125.15
161.1,ATM,19,Student,239.12
309.77,Online,67,Retired,4378.14
838.57,ATM,41,Doctor,14576.47
202.55,ATM,21,Student,701.73
724.18,Branch,41,Doctor,10922.78
124.98,ATM,24,Student,642.0
487.32,Branch,52,Doctor,7707.96
635.91,Branch,46,Doctor,13267.09
205.65,Branch,62,Retired,3582.16
39.41,Branch,25,Student,921.91
254.0,Branch,35,Doctor,5788.53
436.8,Branch,36,Engineer,4515.43
224.73,Branch,76,Retired,7551.89
752.69,ATM,65,Doctor,14489.69
78.5,Branch,31,Doctor,13991.5
50.0,ATM,53,Doctor,185.87
132.42,ATM,18,Student,726.39
11.67,Branch,76,Retired,7458.63
83.16,ATM,61,Retired,3065.87
149.02,Branch,46,Engineer,9379.72
74.27,Online,59,Doctor,13696.61
876.57,ATM,62,Retired,3743.63
615.58,ATM,42,Doctor,14343.0
643.03,Online,36,Engineer,2882.16
7.95,ATM,79,Retired,5631.2
270.92,Branch,77,Retired,4574.43
499.48,ATM,24,Student,1242.62
841.5,Branch,25,Student,352.31
138.82,Online,77,Retired,3100.22
231.46,Branch,60,Engineer,4707.24
292.08,ATM,72,Retired,7950.48
63.98,Online,54,Doctor,7954.12
235.21,Branch,67,Doctor,5946.61
201.73,Online,57,Engineer,6650.71
161.31,ATM,28,Student,1268.67
18.41,Branch,53,Doctor,8287.54
471.75,Branch,34,Doctor,12948.5
290.02,Branch,55,Engineer,4746.71
48.05,Branch,27,Engineer,5334.97
359.42,Branch,55,Doctor,1765.45
32.91,Online,19,Student,427.3
3.8,Branch,67,Retired,6285.39
31.81,Online,51,Retired,1406.6
220.2,Online,28,Student,1075.15
476.03,Branch,77,Retired,5958.34
141.91,Branch,23,Student,791.97
95.83,Online,27,Student,1726.4
51.15,Branch,46,Engineer,8992.25
1192.2,Branch,60,Retired,7816.41
50.75,ATM,62,Doctor,8271.47
185.07,Branch,22,Student,636.42
293.54,Online,40,Engineer,2290.1
23.38,Branch,32,Engineer,9968.49
285.26,ATM,28,Student,167.72
129.48,ATM,31,Engineer,7581.7
743.03,ATM,50,Engineer,4111.38
297.86,ATM,28,Student,1680.14
231.92,ATM,66,Doctor,5715.08
295.82,Branch,47,Engineer,5897.73
302.86,Online,55,Doctor,5239.24
81.08,ATM,58,Engineer,7788.91
775.6,Branch,79,Retired,3898.64
178.43,Branch,26,Student,1214.93
211.91,Online,20,Student,927.47
17.21,Online,23,Student,914.16
124.22,ATM,23,Student,9695.04
38.37,ATM,63,Doctor,8647.04
269.79,ATM,52,Engineer,1292.1
605.42,ATM,21,Student,392.34
11.19,ATM,60,Engineer,9877.17
29.19,Branch,58,Doctor,12059.85
701.7,Online,61,Retired,6643.24
862.34,Branch,57,Doctor,9903.48
410.97,ATM,22,Student,151.42
36.97,Branch,41,Engineer,2850.92
137.59,ATM,30,Doctor,10679.67
168.11,Online,51,Doctor,10652.13
430.98,Branch,24,Student,569.25
13.87,Branch,24,Student,954.83
642.68,ATM,76,Retired,1831.2
175.07,Online,28,Engineer,9274.64
302.82,ATM,36,Engineer,9384.54
1647.74,ATM,67,Retired,1483.84
406.81,Online,66,Retired,1968.36
256.3,Online,53,Retired,4203.05
80.96,Online,19,Student,959.94
95.78,Online,22,Student,271.64
379.54,Branch,41,Doctor,12571.76
903.19,Online,22,Student,8627.08
142.19,Branch,18,Student,524.46
847.45,Branch,28,Student,422.32
295.18,Branch,66,Doctor,12961.53
18.46,Branch,68,Retired,6381.6
603.23,Branch,28,Student,117.98
54.5,Branch,57,Retired,1715.22
414.77,Online,29,Doctor,5599.81
886.19,Branch,61,Retired,7904.24
440.03,Online,49,Engineer,1490.44
35.46,ATM,56,Retired,1532.72
76.39,Branch,18,Student,5976.0
595.91,ATM,19,Student,1673.76
6.03,Branch,76,Retired,3290.72
249.34,ATM,26,Engineer,3030.97
421.52,Branch,20,Student,369.86
189.77,Branch,58,Engineer,6570.36
73.19,Branch,76,Retired,2264.98
188.13,Online,75,Retired,5029.87
30.52,Branch,62,Doctor,12327.74
1235.69,Branch,20,Student,420.25
1159.39,Online,41,Doctor,6499.53
170.24,Branch,62,Retired,5172.99
56.62,Branch,54,Doctor,8981.1
53.14,ATM,34,Doctor,7915.0
587.23,Online,27,Student,500.84
146.15,Branch,43,Doctor,13784.4
21.27,Online,62,Retired,7392.79
1397.59,ATM,26,Student,1134.79
76.02,Online,34,Doctor,14765.41
170.19,Branch,27,Student,745.87
155.51,ATM,68,Doctor,5360.19
135.15,Online,72,Retired,5878.14
39.48,ATM,56,Retired,5889.51
451.68,Online,33,Engineer,4381.54
19.11,Online,49,Engineer,8478.46
355.0,Online,26,Student,185.47
427.69,ATM,43,Engineer,2443.54
254.86,Branch,23,Student,699.9
19.48,ATM,27,Engineer,4739.59
190.17,ATM,49,Doctor,12893.85
91.38,ATM,65,Retired,2402.58
206.63,Online,59,Retired,7626.53
93.22,Online,52,Retired,1014.63
547.98,ATM,28,Student,1358.54
641.06,ATM,23,Student,1602.13
314.55,Branch,27,Student,1105.89
836.45,Online,61,Retired,1731.89
1095.09,ATM,29,Engineer,8692.47
189.45,Branch,53,Doctor,12578.75
91.84,Branch,67,Retired,1712.41
609.52,ATM,78,Retired,3485.03
859.3,Branch,78,Retired,1146.78
100.01,ATM,50,Doctor,6393.12
28.78,Online,40,Doctor,680.55
111.08,Online,70,Doctor,7037.34
470.96,Online,69,Doctor,12991.03
52.23,Branch,28,Student,105.01
78.62,Branch,32,Doctor,1360.85
47.79,Branch,25,Student,1649.92
333.97,Branch,52,Doctor,5237.36
30.87,ATM,33,Doctor,14348.65
710.43,Online,67,Retired,5625.55
220.23,ATM,41,Engineer,3438.02
27.28,ATM,29,Doctor,10668.24
101.52,ATM,49,Engineer,2018.9
162.65,ATM,59,Engineer,9500.95
10.52,ATM,55,Retired,2472.99
270.72,Branch,38,Doctor,6522.47
202.34,Online,20,Student,1223.45
247.58,ATM,39,Engineer,778.74
686.17,ATM,61,Retired,2246.15
359.65,Online,25,Student,219.53
109.91,Branch,38,Doctor,12896.06
215.72,Branch,30,Engineer,8697.11
490.76,Online,66,Retired,6414.11
224.28,Online,64,Retired,5767.51
614.03,ATM,68,Retired,2815.86
608.79,Online,55,Engineer,2991.17
186.55,Branch,48,Engineer,224.65
840.16,Branch,20,Student,1236.76
203.34,ATM,60,Doctor,13586.99
90.88,ATM,26,Engineer,7117.35
60.11,Branch,61,Retired,7235.87
393.92,Branch,72,Retired,7318.64
19.39,ATM,43,Doctor,9847.6
557.41,Online,80,Retired,2968.75
57.07,Online,31,Doctor,9323.71
395.27,Online,18,Student,1764.08
289.05,ATM,75,Retired,5683.49
46.11,Online,33,Doctor,5225.73
335.5,ATM,63,Retired,6445.4
388.07,Online,24,Student,289.71
520.86,Online,51,Engineer,9200.74
787.41,Online,25,Student,300.87
31.7,ATM,48,Doctor,743.9
22.3,ATM,21,Student,1200.35
203.12,ATM,56,Retired,1562.39
315.94,Branch,49,Doctor,7719.71
192.23,Online,54,Engineer,2610.67
1510.71,Online,66,Retired,2060.02
0.26,Online,20,Student,1833.67
210.77,ATM,71,Retired,5396.65
406.65,ATM,57,Doctor,12995.7
422.9,ATM,40,Engineer,7616.43
20.62,ATM,35,Doctor,12500.8
174.39,ATM,19,Student,1127.08
7.86,Branch,76,Retired,3621.98
61.98,Online,49,Engineer,5212.28
54.85,Branch,58,Retired,2727.45
204.7,Branch,49,Doctor,5117.03
16.55,Branch,26,Engineer,6089.79
91.32,Branch,58,Engineer,2618.1
195.49,ATM,31,Doctor,11988.12
49.62,ATM,55,Engineer,3841.42
487.16,Branch,28,Student,321.21
405.6,Online,37,Engineer,9754.73
512.95,Branch,57,Engineer,9584.52
345.94,ATM,31,Doctor,7624.56
356.56,Online,47,Engineer,2485.73
10.31,Online,36,Engineer,2137.9
211.69,Branch,30,Doctor,6412.85
221.49,Branch,23,Student,707.25
278.23,Online,48,Engineer,8300.54
116.88,ATM,45,Doctor,7717.34
328.77,Online,39,Doctor,6967.03
77.53,Branch,54,Retired,5158.6
421.74,Online,67,Doctor,12031.14
313.69,Branch,73,Retired,7093.68
411.72,Branch,29,Doctor,8539.86
508.73,Branch,59,Retired,7640.57
153.08,ATM,24,Student,1292.21
23.01,Branch,63,Retired,5958.75
69.28,Online,25,Student,708.74
51.25,Branch,28,Student,1744.4
407.65,ATM,25,Student,273.78
459.25,Branch,25,Student,130.76
301.56,Branch,49,Doctor,10389.6
17.67,Online,63,Doctor,1048.18
5.29,Online,32,Doctor,12896.68
401.37,Branch,43,Engineer,8208.54
145.4,Online,38,Engineer,5244.49
556.34,Online,37,Doctor,11935.14
34.31,ATM,24,Student,1484.76
780.59,Online,23,Student,6513.34
282.65,ATM,35,Doctor,13801.15
305.27,Online,68,Doctor,12958.65
185.81,Online,32,Doctor,9588.71
66.01,Online,49,Engineer,3475.99
447.95,Branch,29,Engineer,7544.4
279.3,ATM,19,Student,1193.61
26.75,Online,33,Doctor,12063.77
611.15,ATM,27,Student,892.83
275.2,Online,54,Engineer,1230.12
427.79,Branch,18,Student,1479.67
469.13,ATM,54,Doctor,1265.28
102.81,Branch,76,Retired,3228.87
22.61,Online,19,Student,1111.67
68.28,Online,56,Engineer,3213.16
33.65,Online,63,Doctor,12719.93
362.68,ATM,63,Retired,2040.77
73.23,Branch,20,Student,1309.85
654.49,Online,25,Student,164.61
18.56,Branch,49,Engineer,4230.37
389.05,ATM,27,Student,761.0
7.38,Online,67,Retired,2923.83
109.48,Online,61,Retired,7372.47
66.91,ATM,39,Doctor,871.1
335.48,Branch,45,Engineer,3023.16
38.14,Online,19,Student,1119.21
1076.98,Branch,60,Doctor,11833.73
360.02,Online,68,Retired,6400.59
567.71,Online,63,Doctor,13884.24
218.19,ATM,19,Student,620.83
209.99,ATM,19,Student,1938.01
11.02,Branch,19,Student,964.79
83.43,Online,56,Retired,1870.16
344.97,Online,34,Doctor,5577.94
172.29,ATM,36,Engineer,8700.8
195.54,Online,60,Retired,2794.66
101.23,Online,45,Engineer,6169.71
180.46,ATM,25,Student,831.75
692.55,Branch,53,Retired,2451.56
147.31,Online,34,Doctor,13625.52
107.48,Branch,20,Student,1379.39
1831.02,Online,62,Doctor,11498.01
81.51,Branch,25,Student,865.49
365.48,Online,76,Retired,7147.4
491.1,Online,35,Engineer,7833.85
452.8,Branch,80,Retired,4840.67
645.04,Branch,70,Retired,7361.47
169.28,Branch,45,Doctor,5128.44
88.42,ATM,62,Doctor,12381.45
155.53,ATM,29,Engineer,4008.05
991.82,Online,43,Engineer,3493.13
39.24,ATM,77,Retired,6462.41
152.01,ATM,42,Engineer,4625.12
78.77,ATM,48,Engineer,6470.57
26.5,Online,48,Engineer,4854.83
83.62,ATM,48,Doctor,12652.22
142.78,Branch,68,Doctor,11705.88
55.99,ATM,35,Doctor,932.61
774.48,Branch,61,Doctor,11613.58
105.37,ATM,25,Student,1068.55
118.83,Online,28,Student,1616.3
46.22,Branch,23,Student,471.28
659.71,Branch,21,Student,106.86
377.97,Online,72,Retired,2457.1
114.1,Branch,69,Retired,5882.12
11.3,Online,55,Retired,1938.99
95.5,Online,57,Retired,4079.09
130.93,Branch,28,Engineer,860.12
272.97,Online,68,Retired,7811.31
73.35,Branch,24,Student,1181.84
29.94,ATM,58,Doctor,10915.54
307.24,ATM,19,Student,1670.72
50.52,Online,20,Student,1121.19
820.46,Online,53,Engineer,5621.86
153.07,ATM,56,Engineer,8873.43
52.94,Branch,41,Doctor,6990.92
384.41,ATM,60,Engineer,7831.56
235.42,Branch,51,Retired,6173.23
114.23,ATM,56,Doctor,9523.72
12.62,Branch,33,Doctor,6420.47
997.37,ATM,23,Student,1146.09
373.52,ATM,35,Engineer,6430.41
336.05,Branch,28,Student,1635.05
366.93,Online,66,Retired,6697.79
112.27,Branch,58,Doctor,7369.89
494.96,ATM,40,Engineer,6903.68
561.58,Online,65,Doctor,11748.86
440.94,Online,42,Doctor,7303.23
71.9,Branch,29,Doctor,10619.35
256.66,Online,54,Retired,1794.5
166.55,Branch,59,Doctor,12970.21
276.26,Branch,56,Doctor,120.89
35.46,ATM,67,Doctor,5692.31
38.14,Branch,50,Engineer,9879.87
506.26,ATM,64,Retired,6266.65
736.32,Online,31,Doctor,14268.95
389.43,ATM,52,Engineer,6449.83
25.58,ATM,60,Engineer,6741.41
446.1,ATM,25,Student,1008.44
147.74,Branch,23,Student,1711.78
1228.81,ATM,26,Student,1821.0
46.23,Online,77,Retired,5107.75
265.37,Branch,33,Engineer,5229.95
342.57,Online,20,Student,339.16
417.26,Online,32,Doctor,10442.48
33.63,Online,63,Retired,4324.4
64.58,Branch,55,Retired,6292.29
23.23,Branch,21,Student,269.01
160.52,ATM,78,Retired,5379.25
278.88,Branch,64,Doctor,1334.09
285.49,Branch,53,Doctor,6366.84
71.87,ATM,22,Student,1839.1
308.8,ATM,53,Retired,3966.54
135.35,Branch,33,Engineer,9983.36
288.43,Branch,66,Retired,4577.09
147.46,Online,65,Doctor,7458.03
214.15,Branch,32,Engineer,6397.29
71.34,Online,49,Engineer,6345.03
170.36,ATM,30,Doctor,6034.73
965.66,ATM,53,Engineer,765.81
736.53,ATM,55,Engineer,9826.26
213.42,ATM,45,Engineer,3736.38
94.09,Branch,27,Student,646.85
91.23,ATM,72,Retired,6385.12
263.92,Branch,57,Retired,4161.71
77.5,Online,51,Doctor,11079.77
3.65,Online,69,Doctor,10017.11
43.88,Online,26,Student,1644.09
591.98,ATM,28,Student,387.65
224.79,Online,18,Student,528.38
64.3,ATM,55,Retired,7530.3
111.79,Online,62,Doctor,10887.59
927.16,ATM,59,Retired,7104.61
613.7,Branch,61,Retired,7307.11
26.07,Branch,20,Student,349.98
170.45,Branch,60,Engineer,2284.41
344.27,Branch,22,Student,1918.36
872.72,Online,22,Student,503.01
292.95,Branch,37,Engineer,1216.91
28.44,ATM,18,Student,1071.04
209.02,ATM,21,Student,187.9
20.05,ATM,72,Retired,7145.67
175.02,Online,28,Student,1493.88
89.5,Branch,41,Engineer,8658.95
69.96,Branch,28,Student,164.12
146.51,ATM,53,Engineer,7089.9
376.78,Online,21,Student,841.65
148.54,Branch,71,Retired,5677.05
388.77,Online,26,Student,1658.49
100.38,Branch,63,Doctor,10171.68
137.23,Branch,64,Doctor,13847.99
870.3,ATM,51,Retired,3688.98
458.94,Branch,52,Engineer,5619.95
327.35,Branch,20,Student,342.08
757.15,Online,53,Engineer,4702.86
5.64,Online,59,Doctor,12703.24
47.23,Online,73,Retired,6659.81
239.41,Online,42,Doctor,7860.65
7.48,ATM,55,Engineer,1275.2
170.97,Branch,26,Student,1265.27
262.43,Online,37,Doctor,12841.01
659.15,ATM,22,Student,1241.59
31.53,Online,25,Student,874.93
111.66,Online,48,Engineer,5716.72
250.01,ATM,62,Retired,1541.48
554.15,ATM,49,Doctor,14817.22
598.66,Branch,32,Engineer,2587.11
28.38,Branch,55,Doctor,173.7
16.8,ATM,49,Doctor,11847.07
896.79,Online,33,Doctor,11146.74
159.0,ATM,49,Engineer,369.79
56.31,Online,75,Retired,6396.08
203.99,Online,52,Retired,4840.31
50.99,Branch,29,Doctor,1334.6
101.28,Online,32,Engineer,2774.35
299.92,ATM,27,Student,1368.0
77.54,Online,67,Retired,4536.38
18.35,Branch,21,Student,1293.39
732.53,ATM,26,Student,441.54
65.11,ATM,34,Engineer,8485.14
67.07,ATM,24,Student,999.62
137.48,Branch,55,Doctor,14273.42
398.36,ATM,22,Student,1863.7
469.46,ATM,20,Student,8640.56
37.58,ATM,57,Doctor,259.44
160.24,ATM,31,Engineer,5526.97
315.39,Branch,23,Student,929.6
434.17,ATM,21,Student,5335.44
165.91,ATM,26,Student,587.12
211.36,Branch,47,Engineer,4760.34
241.45,Online,26,Student,1594.04
23.24,Branch,68,Doctor,13777.79
70.88,Branch,74,Retired,1794.65
1143.67,Online,66,Retired,7677.76
314.52,ATM,80,Retired,7071.32
181.81,Online,78,Retired,7525.73
854.64,Branch,56,Retired,2989.25
261.19,ATM,64,Retired,7620.6
220.68,Online,71,Retired,5549.2
11.86,Branch,31,Engineer,6782.61
122.65,Online,28,Student,1968.51
395.16,Online,56,Retired,5340.73
704.69,Online,51,Retired,3267.84
369.89,ATM,69,Retired,6941.47
10.92,ATM,67,Retired,7567.2
199.14,Branch,31,Engineer,7001.25
109.43,ATM,70,Retired,1983.65
304.15,Branch,20,Student,686.91
620.54,Branch,28,Student,213.36
757.79,Online,22,Student,1443.02
122.81,Branch,52,Doctor,8450.84
96.25,Online,61,Retired,7996.7
1431.33,ATM,30,Doctor,5567.98
142.55,Online,67,Doctor,1262.68
35.94,Branch,23,Student,1697.28
24.86,Branch,58,Engineer,2591.65
103.08,Online,60,Doctor,12002.16
116.27,Online,57,Engineer,8726.92
363.84,Online,73,Retired,5415.64
34.74,Online,59,Retired,3736.57
64.01,Branch,19,Student,1225.69
108.75,ATM,50,Doctor,14829.85
50.9,Online,28,Student,1277.7
206.84,Branch,20,Student,454.66
37.4,ATM,20,Student,1519.51
154.21,Online,46,Engineer,8045.77
199.37,Online,24,Student,1331.3
410.49,Branch,25,Student,1843.57
1360.01,Branch,67,Retired,6601.5
18.23,ATM,56,Engineer,8422.2
398.7,ATM,47,Doctor,7987.74
122.14,Online,22,Student,327.68
378.2,Branch,40,Engineer,7372.81
124.74,ATM,49,Engineer,2987.97
17.1,ATM,53,Retired,1619.54
287.05,ATM,22,Student,1204.65
874.72,Online,28,Engineer,4630.58
1762.28,ATM,24,Student,1380.34
40.12,ATM,36,Doctor,14304.38
125.0,Online,49,Engineer,3215.76
348.44,Online,24,Student,1022.94
128.4,ATM,69,Retired,2610.64
320.93,Online,55,Engineer,9451.66
1.41,ATM,53,Retired,1244.17
50.52,Branch,54,Doctor,12815.24
383.95,Online,31,Engineer,9933.56
12.94,Branch,23,Student,921.23
329.75,Online,56,Retired,6009.43
981.76,Online,45,Doctor,602.36
40.79,ATM,18,Student,1769.33
99.25,Online,63,Retired,2570.34
150.6,ATM,69,Retired,3240.14
29.5,Online,73,Retired,1229.32
54.34,ATM,65,Doctor,8019.89
18.25,ATM,53,Doctor,14328.29
633.87,Online,27,Student,330.16
81.15,ATM,19,Student,1595.26
83.95,Online,75,Retired,7413.18
410.4,ATM,61,Retired,2563.91
172.68,ATM,33,Doctor,10724.95
139.88,ATM,34,Engineer,2969.71
165.55,Branch,28,Student,761.78
53.79,ATM,54,Engineer,6229.36
285.69,ATM,63,Retired,2552.54
532.4,ATM,22,Student,1033.73
293.85,Online,25,Student,1919.97
27.94,Branch,79,Retired,1893.44
270.36,ATM,25,Student,1783.04
112.66,Online,29,Engineer,852.98
506.03,Branch,21,Student,1123.89
206.95,Branch,22,Student,1817.65
350.96,ATM,63,Retired,5463.94
261.63,Branch,20,Student,477.03
46.12,Branch,59,Doctor,8874.01
27.25,Branch,63,Retired,5365.2
1353.93,Branch,26,Engineer,7858.41
331.66,ATM,76,Retired,7216.3
667.95,ATM,62,Doctor,13558.56
49.84,ATM,49,Doctor,7872.04
556.04,ATM,72,Retired,5200.04
88.06,Online,18,Student,1779.85
745.95,ATM,58,Doctor,13264.14
67.25,Online,19,Student,467.4
93.63,ATM,29,Engineer,9873.62
74.11,Branch,22,Student,1257.9
41.13,Branch,77,Retired,6067.54
192.02,Online,79,Retired,5169.07
291.27,Branch,77,Retired,6878.86
296.46,Branch,23,Student,558.99
341.84,Branch,27,Student,1400.04
98.41,Online,27,Student,912.71
109.28,Online,36,Engineer,6338.35
27.51,Online,40,Doctor,13645.63
12.18,Branch,76,Retired,4909.24
207.71,Online,25,Student,570.1
25.77,Online,45,Doctor,11749.77
127.57,ATM,52,Retired,6118.2
392.05,ATM,60,Engineer,4383.69
521.01,Branch,41,Engineer,4004.55
849.76,ATM,25,Student,373.88
172.5,Online,68,Doctor,6851.16
265.44,ATM,30,Engineer,9700.77
152.34,Branch,55,Doctor,6853.51
21.13,Branch,28,Student,948.7
111.55,ATM,46,Doctor,12221.17
321.82,Branch,32,Engineer,6500.5
1294.81,Branch,45,Engineer,9927.75
148.77,Branch,67,Retired,2138.42
14.08,Branch,57,Retired,3908.65
1283.97,ATM,42,Doctor,11041.9
566.33,ATM,24,Student,379.82
206.51,ATM,51,Retired,3921.74
180.94,Branch,75,Retired,7659.99
77.9,Branch,21,Student,664.72
318.92,Branch,21,Student,1167.25
583.3,Online,59,Engineer,5896.01
100.68,Online,63,Retired,1123.75
589.64,Online,62,Retired,2039.4
225.93,Branch,25,Student,1864.27
651.55,Online,72,Retired,2325.78
80.97,Online,38,Doctor,5926.31
191.89,Branch,25,Student,399.57
304.75,Branch,78,Retired,1916.34
201.53,Online,68,Retired,2732.86
8.45,ATM,22,Student,1115.3
435.98,Branch,30,Engineer,7334.08
743.24,Online,19,Student,1024.19
16.27,ATM,57,Doctor,10971.32
290.86,Online,45,Doctor,14631.88
85.73,ATM,41,Doctor,14928.35
555.71,Branch,22,Student,830.37
40.03,Branch,23,Student,6408.8
73.01,Online,25,Student,1997.33
346.12,Branch,44,Doctor,13084.27
1.93,Branch,47,Doctor,5684.09
252.93,ATM,75,Retired,2760.37
238.54,ATM,19,Student,868.91
1011.22,Branch,61,Retired,5838.91
58.7,Branch,67,Doctor,8937.35
7.56,ATM,40,Doctor,8528.72
540.4,Branch,45,Doctor,425.77
264.14,ATM,64,Doctor,8459.26
248.15,ATM,75,Retired,2649.23
24.34,Branch,54,Engineer,6659.12
428.61,ATM,66,Doctor,11937.04
117.66,Branch,39,Doctor,6794.17
165.8,Online,60,Engineer,2064.76
289.18,ATM,65,Retired,3139.75
125.39,ATM,21,Student,202.69
305.18,Online,58,Retired,4474.2
506.9,Branch,64,Doctor,11471.87
504.12,Branch,25,Student,1107.28
42.09,Branch,29,Engineer,5526.28
607.28,ATM,32,Doctor,9679.68
91.9,Online,77,Retired,1033.94
303.43,Branch,22,Student,1833.24
668.78,ATM,20,Student,983.68
270.54,ATM,20,Student,269.78
247.93,Branch,37,Engineer,9801.48
34.67,Online,19,Student,888.6
326.03,Online,18,Student,290.24
148.26,ATM,25,Student,958.7
1086.6,Online,19,Student,1605.67
373.99,ATM,60,Doctor,8590.5
254.34,Online,49,Engineer,5461.08
819.48,ATM,25,Student,1804.5
14.0,ATM,49,Engineer,7975.18
57.16,ATM,40,Engineer,222.22
282.26,Online,37,Engineer,6857.2
46.96,Online,46,Engineer,2028.92
473.2,Online,34,Doctor,248.52
192.97,ATM,59,Retired,3019.04
168.99,ATM,18,Student,1523.57
1.82,Online,80,Retired,5571.39
40.9,ATM,55,Doctor,1514.34
78.91,Online,61,Doctor,1817.43
169.97,ATM,22,Student,6269.12
17.79,Branch,61,Retired,2281.9
486.61,ATM,48,Engineer,2006.69
148.13,Branch,58,Retired,2189.38
164.52,ATM,61,Doctor,11036.74
720.89,ATM,27,Student,447.06
268.7,ATM,53,Retired,2104.74
637.34,ATM,51,Retired,5183.5
216.76,Online,47,Engineer,643.64
418.02,ATM,46,Doctor,11011.86
292.03,ATM,46,Engineer,951.33
251.4,ATM,57,Retired,2561.67
184.56,Online,21,Student,1549.27
33.76,Online,26,Engineer,3253.51
253.46,ATM,45,Engineer,1338.95
1612.37,ATM,65,Retired,3910.59
138.68,Branch,22,Student,206.2
42.56,Online,18,Student,4361.44
680.76,Branch,21,Student,572.97
53.83,Branch,70,Retired,4580.59
11.09,Branch,51,Engineer,2990.05
37.81,Branch,63,Retired,5208.98
449.18,Online,67,Retired,1025.99
1135.8,ATM,30,Doctor,13534.3
297.6,Online,39,Doctor,1461.17
683.75,Branch,32,Doctor,6333.72
21.4,Online,48,Engineer,8551.6
315.94,ATM,78,Retired,4273.99
331.32,Branch,61,Doctor,13054.54
223.76,Branch,74,Retired,4102.23
216.03,ATM,42,Doctor,10462.77
17.42,ATM,74,Retired,6851.31
491.91,Online,78,Retired,2421.94
350.11,Online,74,Retired,4639.04
218.07,Branch,23,Student,443.62
291.09,Branch,48,Engineer,6312.79
422.14,Branch,26,Student,1436.32
613.21,ATM,61,Retired,3279.12
73.83,Online,69,Doctor,6020.29
67.33,Online,59,Engineer,5925.98
26.92,ATM,62,Retired,1674.94
18.3,Online,48,Engineer,3733.52
317.94,ATM,54,Engineer,2996.51
179.38,Online,40,Doctor,11666.18
918.95,Online,68,Doctor,7006.46
13.92,ATM,37,Engineer,2735.84
365.43,ATM,25,Student,1073.51
263.59,Branch,71,Retired,6996.35
54.8,Branch,34,Engineer,4943.49
141.49,Online,24,Student,1665.58
31.39,ATM,20,Student,998.49
93.82,Online,39,Engineer,8422.06
5.71,Branch,21,Student,1285.42
178.39,Online,34,Engineer,8469.43
126.91,ATM,22,Student,692.69
36.09,Branch,53,Doctor,12319.26
91.77,Branch,51,Doctor,9240.73
198.92,Online,36,Engineer,2854.66
137.81,Branch,58,Engineer,2631.47
136.88,Branch,24,Student,7465.95
133.07,Branch,21,Student,1670.99
1.14,Branch,43,Doctor,13913.92
256.34,Branch,69,Retired,7471.63
56.11,Branch,36,Doctor,11123.65
118.1,ATM,50,Engineer,7976.6
137.86,Online,66,Doctor,8046.94
813.78,ATM,54,Doctor,14935.5
237.97,ATM,69,Doctor,13486.15
684.96,ATM,21,Student,526.67
878.63,ATM,60,Engineer,4954.37
276.56,Branch,68,Doctor,8942.58
8.75,ATM,79,Retired,4044.62
637.48,Online,65,Retired,4148.85
103.15,Branch,51,Doctor,11388.15
505.6,Branch,52,Retired,5347.57
371.86,ATM,46,Doctor,1329.45
14.26,Branch,50,Engineer,2475.65
13.16,Branch,43,Engineer,1019.46
167.92,ATM,40,Doctor,14321.73
73.01,ATM,56,Retired,2833.12
201.5,Online,61,Doctor,12148.32
150.3,Online,41,Doctor,14371.08
23.7,ATM,46,Doctor,7947.44
49.59,Branch,48,Engineer,6037.03
720.13,ATM,22,Student,387.02
134.92,Online,19,Student,1081.97
116.97,ATM,18,Student,729.7
11.06,ATM,34,Engineer,2782.21
88.29,Online,50,Engineer,5245.93
5.81,ATM,25,Student,1290.95
103.48,ATM,32,Engineer,6494.25
156.74,ATM,70,Retired,4004.35
505.14,ATM,68,Retired,2525.47
31.06,ATM,46,Doctor,11014.25
7.61,ATM,50,Doctor,6275.0
276.16,ATM,53,Retired,1733.34
145.77,ATM,68,Retired,5294.98
369.44,Online,34,Engineer,5018.67
558.86,ATM,60,Doctor,9844.32
429.15,Branch,26,Student,712.13
36.74,Branch,33,Doctor,6217.58
79.14,Online,57,Retired,2229.56
132.48,Branch,36,Engineer,9313.05
136.48,Online,52,Engineer,4618.53
203.76,Branch,55,Retired,6747.16
750.95,Branch,78,Retired,5134.37
0.84,ATM,52,Engineer,2207.54
257.18,Online,67,Doctor,13336.15
767.66,ATM,63,Doctor,1801.69
182.29,Online,54,Doctor,522.39
184.51,Online,54,Doctor,9381.64
451.31,ATM,62,Retired,2963.29
144.1,Branch,57,Doctor,11523.64
72.5,ATM,40,Doctor,12723.62
74.11,Online,69,Retired,3920.11
22.15,Branch,44,Doctor,7451.83
777.92,Branch,62,Doctor,7061.58
790.07,Online,28,Student,985.77
406.33,Branch,59,Engineer,4298.34
767.41,ATM,56,Doctor,12799.34
4.58,Online,21,Student,811.24
447.83,Branch,53,Doctor,13273.08
49.67,Online,21,Student,842.94
77.83,Branch,49,Engineer,2471.53
702.87,ATM,19,Student,1237.5
133.56,Online,25,Student,783.83
868.05,Online,49,Engineer,3931.03
52.87,Branch,24,Student,960.96
179.0,ATM,78,Retired,7310.88
1168.26,Online,73,Retired,1385.74
384.11,ATM,58,Retired,7902.52
227.61,Online,71,Retired,4405.28
40.83,ATM,48,Engineer,3944.12
19.76,ATM,20,Student,1523.04
484.24,Branch,67,Doctor,8042.3
494.66,Online,33,Doctor,5531.93
301.47,Branch,21,Student,560.73
199.09,Online,70,Doctor,1658.52
38.95,Online,27,Engineer,731.52
515.94,ATM,29,Engineer,1389.89
41.93,ATM,48,Engineer,5081.26
137.84,ATM,27,Student,1000.35
95.35,Online,21,Student,1639.9
93.14,Online,67,Retired,5473.82
1427.71,Branch,64,Doctor,1729.26
79.33,Online,51,Doctor,14798.1
76.89,ATM,55,Doctor,7374.26
233.71,Online,19,Student,1231.98
14.92,Branch,26,Engineer,6611.26
242.17,ATM,60,Doctor,883.72
122.98,Online,79,Retired,5055.99
129.35,ATM,52,Engineer,7166.88
138.33,Online,21,Student,232.56
39.31,Online,25,Student,1236.38
91.85,Online,21,Student,802.09
277.7,Branch,58,Engineer,1423.2
114.03,ATM,51,Doctor,13388.56
302.63,Branch,27,Engineer,2801.28
31.19,ATM,52,Engineer,5545.96
112.91,Online,27,Engineer,4764.48
742.26,Online,27,Engineer,7868.19
256.8,ATM,26,Student,1128.38
378.68,ATM,60,Doctor,7627.04
571.93,Online,52,Retired,4026.03
26.31,Online,77,Retired,7095.76
205.58,Online,20,Student,1501.95
533.61,Online,48,Engineer,3656.93
428.62,Branch,55,Retired,3473.24
361.22,ATM,64,Retired,7061.73
837.29,Branch,25,Student,6012.67
117.25,Online,31,Doctor,13694.68
135.27,ATM,48,Doctor,9410.51
185.1,Branch,53,Retired,6115.63
113.54,Online,38,Engineer,5581.21
354.96,Online,69,Doctor,6712.94
224.22,Branch,53,Doctor,8400.87
737.1,ATM,60,Retired,4644.19
223.22,ATM,27,Student,1734.22
557.26,ATM,69,Doctor,5237.12
1496.57,Online,33,Engineer,969.06
27.44,ATM,62,Retired,5950.48
310.09,Branch,36,Doctor,9962.5
80.38,Online,52,Doctor,9662.88
26.1,Branch,66,Doctor,5243.0
845.14,Branch,73,Retired,1702.65
59.73,ATM,27,Student,800.93
758.77,ATM,60,Engineer,7231.47
301.51,ATM,22,Student,1052.31
418.03,Online,58,Doctor,10721.29
118.06,Branch,32,Doctor,13560.63
483.92,ATM,70,Retired,3138.0
78.93,ATM,38,Doctor,9916.24
36.63,ATM,75,Retired,7941.73
87.85,Branch,49,Engineer,3753.24
1001.83,Online,31,Doctor,9733.83
705.34,Online,59,Doctor,5003.22
146.55,Online,54,Retired,4087.44
116.89,Online,71,Retired,4880.31
106.41,Branch,57,Retired,1310.38
1087.9,ATM,78,Retired,2513.51
584.41,ATM,23,Student,4475.22
584.98,Branch,55,Retired,6521.05
79.21,Branch,56,Retired,1615.04
173.13,Online,20,Student,1490.34
335.7,ATM,80,Retired,6601.44
1225.5,Online,50,Doctor,8611.17
422.81,Branch,28,Student,1929.28
135.43,ATM,57,Retired,5315.83
584.88,ATM,26,Student,548.45
308.94,Online,25,Student,1931.66
295.93,Branch,36,Doctor,1050.63
1512.99,Online,19,Student,9963.39
77.44,Branch,58,Retired,1950.63
92.5,Online,40,Engineer,6295.45
97.74,Online,41,Engineer,4113.63
291.68,ATM,21,Student,1451.02
56.96,ATM,22,Student,1597.85
436.8,Online,27,Student,1256.33
259.49,Online,72,Retired,7320.61
726.26,Online,57,Retired,2150.38
568.68,ATM,72,Retired,2940.04
77.57,Online,49,Doctor,12801.93
999.28,Online,29,Engineer,4272.41
14.16,Branch,74,Retired,5399.76
1142.83,Branch,61,Retired,2467.39
61.33,ATM,27,Engineer,7537.4
27.64,Online,54,Engineer,7498.51
3.85,ATM,29,Doctor,10506.41
431.22,Branch,73,Retired,6505.98
178.55,Branch,55,Engineer,7568.4
248.76,ATM,18,Student,546.46
76.16,ATM,23,Student,1072.25
347.25,ATM,69,Doctor,7273.55
28.04,ATM,57,Doctor,11197.54
325.98,ATM,19,Student,782.35
249.56,Branch,76,Retired,4444.95
17.43,ATM,56,Doctor,10658.88
198.01,Branch,26,Student,250.93
585.58,Branch,23,Student,1729.02
434.67,Online,27,Student,1298.13
510.7,Online,27,Student,5828.48
331.98,ATM,74,Retired,7600.99
199.54,Online,56,Engineer,9603.73
212.97,Online,59,Engineer,4180.4
270.56,Online,23,Student,1268.44
306.37,ATM,26,Engineer,9609.67
643.02,ATM,38,Doctor,11989.39
98.48,Branch,47,Engineer,9538.92
889.01,Online,36,Engineer,4826.88
537.86,Online,27,Student,293.06
241.18,ATM,25,Student,1445.53
130.54,ATM,64,Doctor,11204.62
800.29,Branch,20,Student,693.4
8.81,Online,57,Doctor,13523.65
28.52,ATM,20,Student,662.51
431.31,Online,23,Student,342.73
885.33,ATM,47,Engineer,7764.16
199.23,ATM,29,Engineer,9834.0
42.26,ATM,44,Doctor,268.77
166.06,ATM,30,Engineer,5397.68
357.72,ATM,53,Retired,7659.5
588.37,Online,28,Student,1926.08
72.82,Online,68,Doctor,6911.62
162.36,Online,36,Engineer,7527.04
584.82,Online,43,Doctor,12071.1
38.15,Online,72,Retired,1425.47
477.54,ATM,23,Student,1598.63
639.57,Branch,60,Doctor,11726.47
58.23,Online,28,Student,9189.76
776.21,Online,78,Retired,4895.87
248.76,Branch,21,Student,6178.77
188.61,Online,67,Retired,7167.57
675.37,Online,56,Retired,4704.91
94.82,Branch,67,Retired,1267.72
425.18,Online,59,Engineer,5790.55
50.28,Branch,60,Engineer,5729.1
864.72,Branch,34,Engineer,7379.38
70.68,Online,25,Student,1478.41
261.77,Online,28,Student,824.71
183.22,ATM,27,Student,1024.42
58.32,Branch,29,Engineer,6027.49
156.86,ATM,51,Doctor,14453.35
120.67,ATM,42,Doctor,5374.54
308.62,Branch,59,Engineer,9148.08
506.81,ATM,59,Engineer,2757.23
328.39,ATM,41,Engineer,2523.83
796.3,Branch,67,Retired,1498.79
72.47,Online,29,Doctor,1305.56
279.6,ATM,25,Student,1910.9
304.2,Online,25,Student,423.64
351.38,Branch,64,Retired,7606.63
86.07,Branch,31,Doctor,842.56
604.5,ATM,28,Student,709.42
258.7,ATM,27,Student,1358.37
994.63,Online,61,Doctor,13538.14
11.46,Branch,75,Retired,7258.33
63.76,ATM,69,Retired,4980.26
446.83,Branch,55,Retired,1623.5
63.54,ATM,26,Engineer,4401.78
81.11,Online,48,Engineer,2051.37
441.26,Branch,58,Doctor,13704.92
170.96,Branch,64,Doctor,13374.89
48.51,Branch,22,Student,3363.23
325.03,Branch,60,Doctor,13521.76
125.83,ATM,57,Retired,6109.86
506.83,Branch,37,Engineer,9975.79
738.94,Branch,41,Doctor,13856.18
180.36,Online,33,Engineer,9905.23
225.1,ATM,28,Student,1547.71
359.51,Online,79,Retired,7153.72
720.46,Branch,54,Retired,3101.54
1116.57,ATM,56,Retired,1393.14
291.46,ATM,57,Retired,7142.53
1192.95,Branch,23,Student,325.15
98.24,Online,28,Student,580.66
100.48,Branch,18,Student,6149.81
45.9,Branch,56,Engineer,5698.25
258.21,Online,39,Doctor,9562.41
1079.11,Online,53,Engineer,2038.31
287.51,Online,22,Student,187.65
501.3,Online,26,Engineer,8520.08
26.1,ATM,27,Student,1435.72
436.77,ATM,20,Student,825.69
292.38,ATM,68,Doctor,5803.89
1026.46,Branch,53,Retired,3134.47
25.29,Online,50,Engineer,5374.69
123.35,Online,31,Doctor,6852.16
139.52,Branch,23,Student,1570.22
51.2,Online,18,Student,730.6
122.85,Online,47,Doctor,13185.39
161.38,Online,24,Student,3900.34
2.51,Online,63,Retired,4891.56
22.62,ATM,64,Doctor,7682.0
126.83,Branch,57,Retired,6100.98
46.6,Online,55,Doctor,1562.9
243.8,Branch,57,Doctor,13732.81
231.51,Branch,60,Retired,5790.7
175.05,Online,39,Engineer,1447.35
762.74,ATM,64,Doctor,207.1
34.03,Branch,57,Engineer,3077.2
15.95,Branch,25,Student,1983.0
926.53,ATM,57,Engineer,3120.1
101.51,Online,46,Engineer,3052.47
309.42,Branch,27,Engineer,8564.46
257.6,Online,59,Retired,7950.74
746.78,Branch,21,Student,1699.81
82.01,Branch,23,Student,287.46
476.99,Online,23,Student,1154.48
320.11,Branch,23,Student,4076.48
333.39,ATM,68,Doctor,10628.59
10.3,ATM,47,Engineer,7801.32
737.46,Branch,53,Doctor,634.16
416.55,Online,33,Engineer,922.96
84.91,Online,18,Student,1671.86
98.95,Branch,75,Retired,5670.82
18.14,ATM,58,Retired,6020.85
1154.79,ATM,51,Doctor,6180.3
215.13,Online,46,Engineer,3956.69
218.57,Branch,62,Doctor,13869.86
341.88,ATM,43,Engineer,4159.52
691.92,Online,19,Student,1084.65
50.43,Branch,32,Doctor,9794.26
440.43,Branch,78,Retired,5123.24
299.03,Branch,39,Engineer,1381.28
1.98,ATM,66,Doctor,11619.1
173.45,ATM,31,Engineer,9077.62
438.76,Branch,22,Student,1824.19
519.62,Online,71,Retired,4159.33
738.68,Online,50,Doctor,14352.33
151.14,Online,64,Retired,2156.54
75.77,Branch,51,Engineer,8361.7
444.52,Online,27,Engineer,5424.6
5.29,Online,52,Doctor,11263.89
97.63,Online,48,Doctor,12467.31
256.95,Branch,26,Engineer,2531.24
734.86,Branch,48,Engineer,6242.03
1250.94,ATM,36,Doctor,11565.97
84.28,Branch,39,Doctor,13586.06
927.45,ATM,24,Student,1161.84
202.49,ATM,48,Engineer,7447.1
154.99,Branch,25,Student,1419.31
481.53,Branch,58,Retired,6142.54
172.92,Online,20,Student,416.37
275.59,Branch,53,Retired,6313.22
207.2,Online,60,Engineer,8092.94
136.82,Branch,31,Engineer,6229.13
624.0,Branch,26,Engineer,4976.18
179.38,Online,30,Engineer,8741.51
10.15,ATM,59,Doctor,7155.04
26.3,ATM,32,Doctor,7473.73
319.5,Branch,29,Engineer,2366.3
182.42,Branch,51,Retired,3051.29
716.62,ATM,44,Doctor,6987.4
222.96,ATM,65,Doctor,7370.41
79.77,ATM,68,Retired,5010.31
431.08,Branch,59,Retired,6760.22
592.24,ATM,52,Doctor,9817.05
200.19,Branch,52,Retired,4389.96
297.5,Branch,73,Retired,6768.14
345.86,ATM,51,Retired,1504.64
343.88,Online,63,Retired,6486.18
16.52,Online,25,Student,835.53
162.1,Branch,41,Engineer,8576.65
36.12,Online,22,Student,1593.03
354.91,ATM,74,Retired,3872.55
38.41,ATM,40,Doctor,9129.68
53.52,Branch,49,Engineer,2227.49
498.59,Online,57,Retired,2619.46
13.3,ATM,23,Student,213.0
189.65,ATM,21,Student,8457.09
255.32,ATM,80,Retired,6290.62
230.51,Branch,51,Engineer,9522.37
237.74,ATM,61,Doctor,11795.12
512.76,ATM,52,Doctor,5121.36
151.37,ATM,54,Engineer,8356.08
85.01,ATM,25,Student,1299.4
444.47,Online,57,Retired,6062.94
184.19,ATM,67,Retired,7588.67
879.25,Online,24,Student,125.85
55.98,Branch,24,Student,7047.04
54.91,ATM,41,Engineer,7927.27
1047.69,Online,20,Student,1889.78
393.74,Online,26,Student,1769.06
58.94,Online,30,Engineer,4575.98
515.57,ATM,27,Engineer,9269.67
332.15,ATM,59,Doctor,9749.46
177.94,Online,19,Student,123.24
68.68,Online,49,Engineer,4718.51
1431.54,Online,20,Student,1171.98
240.03,Online,33,Engineer,7807.73
168.34,ATM,64,Retired,7483.01
474.77,Online,46,Engineer,8494.53
451.7,Online,29,Engineer,8994.67
243.85,Branch,39,Engineer,4576.78
5.76,Branch,38,Engineer,5859.79
435.08,Online,55,Engineer,2103.41
127.78,ATM,20,Student,1046.66
23.14,Online,47,Doctor,10536.54
545.87,Branch,27,Engineer,4860.01
21.21,Online,55,Engineer,9575.42
423.53,Branch,50,Doctor,5453.4
142.1,Online,18,Student,1545.64
1413.24,ATM,58,Engineer,7272.01
114.15,ATM,19,Student,1612.4
275.98,Online,72,Retired,6151.05
590.68,Branch,27,Student,852.2
152.42,ATM,42,Doctor,9141.79
395.77,Branch,43,Doctor,6425.99
615.16,Online,26,Student,214.61
207.82,Online,19,Student,229.02
220.52,ATM,57,Retired,1793.09
281.47,ATM,34,Engineer,4437.48
57.91,Branch,58,Engineer,3641.06
30.48,Branch,32,Doctor,11481.85
1152.58,Branch,65,Retired,7567.17
453.09,Branch,48,Doctor,6708.65
424.47,Online,22,Student,5491.55
228.4,ATM,67,Doctor,9598.43
67.17,Online,63,Doctor,14410.44
284.89,Online,53,Doctor,9738.6
118.69,Online,33,Doctor,749.34
221.33,ATM,27,Student,1185.43
252.31,ATM,26,Student,1584.6
58.85,Online,71,Retired,1789.8
194.68,Online,32,Doctor,14494.18
433.53,Branch,38,Doctor,6368.32
178.26,ATM,59,Retired,1137.13
207.65,Online,34,Engineer,5143.8
237.0,Online,49,Doctor,14021.4
1169.59,Online,28,Student,5946.45
347.63,Online,25,Student,1400.04
517.68,ATM,31,Doctor,11305.81
36.25,Branch,52,Doctor,193.06
46.53,ATM,42,Engineer,4468.12
207.47,ATM,53,Doctor,1688.9
199.7,ATM,43,Engineer,7574.45
307.89,Online,62,Retired,2637.55
403.63,Branch,31,Engineer,3304.02
20.06,ATM,27,Student,445.21
236.57,ATM,79,Retired,3488.77
0.32,ATM,39,Engineer,7158.58
14.28,ATM,23,Student,1597.51
232.35,Branch,33,Engineer,4186.25
317.53,Online,44,Engineer,6237.68
74.67,ATM,43,Engineer,3449.35
65.01,Online,29,Doctor,10235.19
0.45,Branch,34,Engineer,8670.23
364.13,ATM,63,Doctor,8198.0
340.13,Branch,24,Student,1149.74
15.81,Branch,69,Doctor,8384.85
222.66,Online,39,Doctor,14466.38
638.24,Branch,48,Engineer,5695.78
241.21,ATM,31,Engineer,1220.86
171.16,Online,51,Retired,6126.5
1360.67,Branch,29,Engineer,2861.65
37.65,Online,27,Student,411.78
25.77,Online,68,Retired,4331.54
789.8,ATM,40,Doctor,13948.09
308.85,Branch,20,Student,333.19
1454.52,ATM,27,Student,1189.03
806.97,Online,25,Student,102.2
364.81,Online,25,Student,1145.23
490.82,ATM,26,Engineer,8704.27
1021.38,Branch,61,Doctor,6223.26
311.28,Branch,49,Doctor,135.96
85.03,ATM,51,Retired,4597.57
307.75,Branch,64,Doctor,1061.58
333.67,Online,36,Engineer,9238.08
589.89,Branch,56,Engineer,9404.63
372.08,Branch,66,Doctor,13330.74
502.9,Online,26,Student,341.24
103.81,ATM,36,Doctor,7044.63
69.43,ATM,30,Engineer,9281.85
110.4,ATM,56,Doctor,8639.36
275.65,Branch,28,Engineer,4957.57
336.01,Online,63,Doctor,9938.2
251.8,ATM,62,Doctor,11796.66
334.07,Branch,59,Engineer,7306.79
52.44,Online,27,Student,3157.75
1030.85,ATM,25,Student,1941.8
141.37,Online,46,Engineer,1019.77
211.7,Online,50,Doctor,12272.78
61.4,Branch,41,Engineer,7892.87
308.23,ATM,60,Retired,4150.63
111.41,Branch,21,Student,1204.11
675.49,ATM,61,Retired,1893.0
29.72,ATM,26,Student,1059.62
301.73,Online,67,Doctor,990.74
294.61,Branch,60,Retired,7375.59
106.43,ATM,52,Engineer,9403.12
381.52,Online,36,Doctor,5798.92
1142.76,Online,25,Student,1498.93
5.66,Branch,40,Engineer,5434.64
209.09,ATM,48,Doctor,9100.81
521.81,ATM,47,Engineer,4750.96
588.36,Online,33,Engineer,8434.99
146.67,Online,20,Student,1569.75
176.52,Online,73,Retired,7132.08
57.34,Online,27,Student,1100.64
294.77,Online,77,Retired,2272.17
881.32,Online,31,Engineer,2287.93
162.59,Branch,64,Retired,7104.83
56.15,Branch,31,Doctor,13265.92
524.55,ATM,39,Doctor,8292.75
535.4,Branch,23,Student,651.84
56.84,ATM,45,Engineer,7977.78
135.94,Branch,71,Retired,4710.21
47.1,Branch,42,Doctor,6308.07
124.05,Branch,61,Doctor,7009.54
802.89,ATM,19,Student,1973.63
193.16,ATM,64,Retired,2304.56
541.52,Branch,48,Engineer,6087.24
20.17,ATM,77,Retired,3869.37
35.98,Branch,40,Doctor,11147.34
273.24,Branch,51,Retired,2202.21
663.45,ATM,67,Retired,5897.29
343.86,Branch,57,Engineer,3278.65
69.38,Branch,69,Doctor,12072.11
75.43,ATM,77,Retired,1441.86
414.64,Branch,32,Doctor,7253.22
86.79,Branch,33,Doctor,8795.37
1105.88,ATM,34,Engineer,2636.32
14.1,Branch,45,Engineer,6949.21
63.33,Branch,23,Student,792.33
606.27,Branch,29,Doctor,9668.78
4.47,Branch,27,Student,1381.75
289.01,Online,66,Retired,4226.26
338.69,Branch,18,Student,1137.89
97.73,Branch,69,Doctor,7885.21
1021.16,ATM,20,Student,9427.06
27.61,ATM,54,Retired,3679.64
284.17,ATM,51,Retired,3479.56
76.21,Branch,22,Student,664.93
334.79,Branch,69,Doctor,624.09
584.51,ATM,74,Retired,3254.56
432.18,Branch,18,Student,678.83
134.55,Online,59,Doctor,14852.42
61.66,ATM,26,Student,5705.4
12.35,Branch,25,Student,1846.85
213.25,Branch,25,Student,677.79
34.93,Branch,31,Engineer,2810.37
959.48,Branch,67,Doctor,10631.43
335.68,Online,24,Student,1188.95
423.96,ATM,43,Doctor,8374.38
361.38,Online,72,Retired,4972.92
220.82,Branch,42,Engineer,4298.13
717.36,Online,22,Student,514.88
406.12,ATM,42,Doctor,10501.53
427.83,ATM,47,Engineer,3293.06
416.62,Online,26,Student,9700.9
21.9,ATM,28,Student,1052.27
717.74,Online,42,Engineer,8375.16
393.68,ATM,55,Doctor,10135.88
281.91,Branch,25,Student,225.53
239.85,ATM,70,Retired,1477.63
237.84,Branch,26,Student,8932.39
459.29,Online,64,Retired,1006.12
196.49,Branch,41,Engineer,7516.56
21.23,ATM,23,Student,319.18
95.23,Online,20,Student,966.88
344.87,Branch,58,Retired,7447.44
129.62,ATM,23,Student,620.28
16.53,ATM,21,Student,707.95
277.02,ATM,46,Doctor,8586.38
13.02,Branch,51,Doctor,6076.45
199.02,ATM,22,Student,793.63
684.5,Branch,29,Doctor,6258.63
1173.74,Online,61,Doctor,10456.24
45.92,ATM,26,Student,544.56
761.73,ATM,19,Student,151.28
331.38,ATM,42,Engineer,844.55
602.8,Branch,60,Retired,7417.69
64.12,Branch,57,Doctor,1029.09
57.38,Online,28,Student,899.52
94.64,ATM,28,Student,586.76
155.56,Branch,19,Student,129.79
301.39,Online,47,Doctor,10548.58
136.31,Online,74,Retired,4384.95
4.39,ATM,26,Student,1429.61
429.25,Online,29,Engineer,5019.68
138.54,Branch,60,Engineer,8274.77
33.03,Branch,21,Student,935.88
76.39,Online,30,Doctor,11584.32
25.32,ATM,19,Student,1642.34
330.91,ATM,36,Engineer,6481.35
153.55,Online,37,Doctor,5619.91
217.61,Online,27,Student,1661.1
131.69,Branch,53,Engineer,2958.43
953.17,Online,60,Retired,3506.11
68.49,Online,67,Retired,6683.31
1493.0,ATM,69,Retired,1619.16
470.62,Branch,57,Doctor,12470.62
385.35,Branch,38,Doctor,5184.13
74.72,Online,26,Student,165.75
352.03,Online,27,Student,4846.68
275.87,ATM,25,Student,1697.58
90.94,ATM,63,Retired,3896.08
206.25,ATM,74,Retired,3651.07
116.76,ATM,51,Engineer,4480.43
91.5,ATM,47,Doctor,667.66
489.31,Branch,43,Engineer,5595.22
1664.33,Branch,18,Student,1588.31
414.49,Online,58,Doctor,12709.58
315.13,Branch,30,Engineer,6570.94
28.38,Branch,45,Doctor,8892.62
456.05,Branch,68,Doctor,11729.51
277.22,Branch,35,Doctor,12104.51
54.84,Online,52,Retired,3495.51
29.92,Online,68,Doctor,7855.01
133.06,Online,35,Engineer,8843.44
332.06,ATM,29,Doctor,11826.52
14.34,Online,67,Retired,7932.51
468.32,Online,69,Retired,4710.04
582.17,Branch,57,Engineer,7310.83
245.62,Branch,23,Student,1879.82
981.9,Online,43,Doctor,9018.33
83.6,ATM,47,Doctor,13899.24
331.22,Branch,61,Doctor,12613.25
57.49,Online,24,Student,765.15
85.58,ATM,55,Engineer,7794.84
157.56,Branch,43,Doctor,7541.16
230.3,Online,46,Engineer,8356.88
305.92,ATM,72,Retired,1445.47
942.7,Online,35,Engineer,5141.32
116.33,Branch,27,Student,1696.15
537.71,Online,19,Student,1806.08
538.17,Branch,27,Engineer,5908.04
219.44,Online,42,Engineer,4207.27
61.62,Online,57,Doctor,8365.37
58.77,Online,27,Engineer,7261.7
538.13,ATM,62,Retired,5008.59
177.05,Branch,24,Student,4287.82
403.01,Online,63,Doctor,10513.52
719.76,Branch,19,Student,690.52
163.22,Online,26,Student,1788.27
242.85,Online,42,Engineer,4672.8
291.22,Online,41,Engineer,3677.63
56.52,ATM,42,Engineer,6911.2
195.8,Online,39,Doctor,12027.68
66.76,Branch,36,Doctor,184.72
190.9,Online,28,Student,101.25
106.99,Branch,38,Engineer,5771.4
655.81,ATM,55,Retired,4539.99
107.1,Online,25,Student,193.8
79.92,ATM,44,Engineer,9138.76
430.83,Branch,18,Student,941.49
235.34,Branch,26,Student,566.83
86.35,Branch,52,Retired,1550.48
337.99,ATM,70,Doctor,9038.63
577.13,Branch,40,Engineer,6640.51
213.33,ATM,52,Retired,5400.44
54.52,Branch,32,Doctor,6980.98
100.13,Branch,57,Doctor,5209.16
883.92,Online,53,Retired,2342.64
69.8,Branch,27,Student,136.77
768.94,Branch,64,Retired,6860.18
179.62,Online,24,Student,409.26
425.91,ATM,23,Student,383.58
263.34,ATM,64,Retired,2411.02
113.03,Online,36,Doctor,6756.13
11.02,Online,42,Doctor,7879.66
865.17,Branch,24,Student,9297.5
152.0,ATM,51,Engineer,7531.43
270.39,ATM,25,Student,899.15
246.41,ATM,54,Retired,1431.6
336.84,ATM,22,Student,4500.26
261.45,Online,50,Engineer,6735.74
99.98,Online,73,Retired,3037.97
400.69,Online,32,Engineer,9040.33
411.47,ATM,26,Student,796.63
204.63,Online,52,Engineer,9199.52
421.56,Online,53,Engineer,8037.87
193.38,ATM,18,Student,1081.79
377.04,ATM,34,Engineer,3812.87
54.1,Branch,28,Engineer,940.91
18.1,ATM,57,Retired,6474.34
408.62,Online,48,Engineer,2498.48
162.1,Branch,64,Doctor,9578.74
165.31,ATM,49,Doctor,7346.66
267.48,ATM,21,Student,811.86
856.9,Branch,36,Engineer,8579.69
433.9,Online,65,Doctor,9013.1
271.22,ATM,45,Doctor,6863.02
307.68,Online,75,Retired,2052.84
348.17,ATM,21,Student,1887.84
43.1,Branch,25,Student,6944.9
557.78,Branch,26,Student,1289.48
325.6,ATM,69,Doctor,13777.1
235.83,Online,53,Engineer,4120.75
603.54,Online,44,Doctor,10517.47
270.25,ATM,31,Engineer,5414.97
123.38,Online,59,Doctor,13542.41
577.12,ATM,39,Engineer,5265.88
92.24,Branch,60,Engineer,6937.48
856.21,Branch,33,Doctor,12690.79
251.54,Branch,48,Doctor,254.75
28.63,Branch,56,Retired,3382.91
185.97,Online,23,Student,1776.91
243.08,Online,24,Student,131.25
