TransactionAmount,CustomerAge,AccountBalance,Channel,CustomerOccupation,Cluster
14.09,70.0,5112.21,ATM,Doctor,0
376.24,68.0,13758.91,ATM,Doctor,0
126.29,19.0,1122.35,Online,Student,1
184.5,26.0,8569.06,Online,Student,1
13.45,26.0,7429.4,Online,Student,1
92.15,18.0,781.68,ATM,Student,1
7.08,37.0,13316.71,ATM,Doctor,0
171.42,67.0,2796.24,Branch,Retired,2
106.23,51.0,9095.14,Branch,Engineer,2
815.96,55.0,1021.8800000000001,ATM,Doctor,0
17.78,52.0,7599.5199999999995,Online,Engineer,2
190.02,21.0,1528.81,Online,Student,1
494.52,24.0,1620.02,Branch,Student,1
781.76,26.0,189.69,ATM,Student,1
166.99,18.0,299.93,Online,Student,1
465.45,36.0,3465.54,ATM,Engineer,2
555.8,19.0,1131.26,Branch,Student,1
492.93,39.0,5109.97,Online,Engineer,2
18.68,59.0,7948.369999999999,Branch,Retired,2
71.48,18.0,6568.59,Online,Student,1
59.32,71.0,5750.89,Branch,Retired,2
85.77,38.0,9146.19,Branch,Doctor,0
52.2,39.0,8974.93,Online,Engineer,2
345.84,22.0,1402.5,Online,Student,1
145.54,21.0,1930.96,Online,Student,1
7.49,65.0,3634.67,Online,Retired,2
246.93,23.0,673.3499999999999,ATM,Student,1
40.32,37.0,2686.52,Branch,Engineer,2
127.45,44.0,1772.06,Online,Doctor,0
56.17,27.0,1351.69,Branch,Student,1
28.31,59.0,8334.47,Online,Doctor,0
59.12,29.0,9823.64,ATM,Doctor,0
396.45,49.0,9690.15,ATM,Engineer,2
877.81,22.0,399.0,Online,Student,1
255.26,45.0,14815.87,Branch,Doctor,0
124.76,49.0,5764.72,Branch,Engineer,2
78.13,26.0,900.61,Branch,Student,1
649.28,75.0,4875.86,ATM,Retired,2
795.31,66.0,7914.879999999999,ATM,Doctor,0
335.63,55.0,1019.39,Online,Retired,2
328.47,63.0,4323.66,ATM,Retired,2
34.02,38.0,14214.48,Online,Doctor,0
241.42000000000002,57.0,13357.02,Online,Doctor,0
55.32,19.0,241.79000000000002,ATM,Student,1
304.31,27.0,868.61,Branch,Student,1
435.27,74.0,4673.28,Branch,Retired,2
164.49,26.0,1509.27,Branch,Student,1
510.23999999999995,19.0,781.7,Online,Student,1
626.9,26.0,265.51,Online,Student,1
22.01,41.0,1335.09,Online,Engineer,2
425.34,69.0,3907.5399999999995,Online,Retired,2
424.56,51.0,5183.85,Online,Engineer,2
85.43,67.0,14904.9,Branch,Doctor,0
169.5,28.0,918.8799999999999,Branch,Student,1
104.63,62.0,4477.78,ATM,Retired,2
316.95,25.0,1324.03,Branch,Student,1
60.540000000000006,57.0,3534.93,Branch,Retired,2
292.56,68.0,4638.37,Branch,Retired,2
386.52,48.0,5630.61,Branch,Engineer,2
112.07,23.0,930.3,Branch,Student,1
568.52,46.0,5499.91,ATM,Engineer,2
263.99,79.0,4175.02,Branch,Retired,2
349.64,48.0,6651.62,Online,Engineer,2
601.4,56.0,8458.29,Branch,Engineer,2
5.77,50.0,13988.12,Online,Doctor,0
201.33,42.0,2585.07,Branch,Engineer,2
298.42,56.0,3014.75,Branch,Retired,2
521.06,25.0,1951.42,Branch,Student,1
117.28,60.0,3665.77,Online,Engineer,2
189.12,32.0,977.01,Branch,Engineer,2
133.55,44.0,3846.2800000000007,ATM,Engineer,2
143.21,35.0,6374.82,Online,Engineer,2
24.77,62.0,5866.01,ATM,Retired,2
233.92,26.0,6537.62,Online,Student,1
1212.51,20.0,605.9499999999999,Branch,Student,1
232.12,37.0,6689.87,ATM,Engineer,2
162.63,22.0,634.17,Online,Student,1
91.53,44.0,14676.05,Branch,Doctor,0
120.29,19.0,1362.39,Branch,Student,1
174.25,50.0,10528.34,Online,Doctor,0
183.71,38.0,552.52,ATM,Engineer,2
345.39,58.0,6451.96,Online,Engineer,2
922.55,63.0,4715.84,ATM,Retired,2
259.91,49.0,7176.86,Online,Doctor,0
154.71,34.0,1523.72,Online,Doctor,0
1340.19,54.0,8654.28,Online,Engineer,2
24.56,64.0,9869.93,Branch,Doctor,0
568.07,48.0,10556.81,ATM,Doctor,0
9.61,58.0,12883.91,Online,Doctor,0
392.96,24.0,791.65,Online,Student,1
716.93,60.0,4064.02,Online,Retired,2
223.85,53.0,2929.91,ATM,Engineer,2
230.66,21.0,618.05,Branch,Student,1
442.12,19.0,1375.8,Online,Student,1
644.17,29.0,1143.52,ATM,Engineer,2
508.67999999999995,51.0,7708.41,Branch,Engineer,2
858.63,27.0,1872.96,Branch,Student,1
25.36,57.0,201.04,ATM,Engineer,2
147.62,71.0,2115.8,Branch,Retired,2
115.02,37.0,7643.66,Branch,Doctor,0
383.37,30.0,8901.93,Branch,Engineer,2
98.54,20.0,9383.43,Online,Student,1
83.24,55.0,1181.31,Branch,Doctor,0
196.16,27.0,9418.86,Branch,Engineer,2
129.94,32.0,7954.919999999999,ATM,Engineer,2
306.9,46.0,9418.08,Online,Engineer,2
114.98,59.0,6144.68,Online,Retired,2
756.59,27.0,420.65,Branch,Student,1
503.76000000000005,22.0,447.82,Online,Student,1
143.03,63.0,7981.450000000001,ATM,Retired,2
1045.22,53.0,1829.9,ATM,Retired,2
245.54,25.0,985.0600000000001,ATM,Student,1
254.37000000000003,51.0,8849.26,Online,Engineer,2
213.76,78.0,3528.72,ATM,Retired,2
327.86,40.0,480.16,Online,Engineer,2
2.5,47.0,12145.27,Online,Doctor,0
300.08,68.0,13546.75,Online,Doctor,0
56.98,43.0,5688.37,ATM,Engineer,2
407.65,26.0,8346.64,Online,Engineer,2
115.83,39.0,6481.04,Branch,Engineer,2
53.57,69.0,1651.33,ATM,Retired,2
63.34,46.0,11174.94,Online,Doctor,0
317.87,27.0,145.5,Online,Student,1
331.65,41.0,4172.57,Online,Engineer,2
5.04,56.0,5558.36,ATM,Retired,2
214.54,70.0,11151.53,Online,Doctor,0
598.81,57.0,1415.52,Branch,Doctor,0
841.28,26.0,1103.64,Online,Student,1
38.15,26.0,303.68,Online,Student,1
1036.66,58.0,5541.57,Branch,Doctor,0
124.72,33.0,6309.8,Branch,Engineer,2
302.45,78.0,5133.61,Branch,Retired,2
208.04,47.0,9344.98,Online,Engineer,2
5.77,23.0,1117.97,Branch,Student,1
381.33,56.0,11835.35,ATM,Doctor,0
16.16,50.0,14401.17,ATM,Doctor,0
486.0799999999999,18.0,1748.69,Online,Student,1
336.39,21.0,1000.46,Branch,Student,1
997.4299999999998,69.0,6810.05,Online,Doctor,0
234.57,23.0,263.98,Online,Student,1
6.0,30.0,5442.76,Online,Doctor,0
1049.92,80.0,2037.85,ATM,Retired,2
227.14,18.0,341.94,ATM,Student,1
233.74,66.0,1066.59,Online,Retired,2
113.02,69.0,6077.96,Branch,Retired,2
45.85,20.0,1659.15,ATM,Student,1
973.3899999999999,77.0,2042.22,Branch,Retired,2
514.95,41.0,421.93,Online,Doctor,0
415.5,66.0,10113.66,ATM,Doctor,0
265.76,54.0,4446.17,Online,Retired,2
69.4,80.0,6452.77,Online,Retired,2
332.93,35.0,2788.2,Branch,Engineer,2
267.9,20.0,596.1599999999999,Online,Student,1
496.0299999999999,61.0,12904.66,Branch,Doctor,0
376.26,37.0,9062.4,ATM,Engineer,2
83.02,36.0,9009.56,Online,Engineer,2
93.26,20.0,1152.2,Online,Student,1
803.37,68.0,12168.37,Branch,Doctor,0
35.76,23.0,611.8599999999999,Branch,Student,1
28.53,62.0,8670.53,Online,Doctor,0
139.53,53.0,10098.86,Online,Doctor,0
307.57,33.0,5307.74,Branch,Doctor,0
60.650000000000006,56.0,1047.28,Branch,Retired,2
74.86,70.0,6921.48,Branch,Doctor,0
117.97,51.0,1475.46,Branch,Retired,2
231.91,34.0,112.76,ATM,Engineer,2
126.20999999999998,75.0,5669.66,Branch,Retired,2
506.28,53.0,1309.95,Online,Retired,2
304.35,31.0,4057.1,Branch,Engineer,2
281.85,22.0,1585.98,ATM,Student,1
777.88,31.0,6825.55,Branch,Engineer,2
119.18,56.0,5516.5,Branch,Retired,2
177.19,76.0,5343.3,Online,Retired,2
260.88,22.0,903.05,Branch,Student,1
169.47,24.0,1806.16,Online,Student,1
73.23,26.0,787.7399999999999,Branch,Student,1
1362.55,29.0,2429.68,ATM,Engineer,2
792.57,19.0,770.37,ATM,Student,1
237.06,71.0,1182.77,Online,Retired,2
34.17,54.0,726.55,Online,Engineer,2
740.25,41.0,14464.3,Online,Doctor,0
453.54,58.0,12046.3,ATM,Doctor,0
300.47,73.0,7885.64,Branch,Retired,2
110.93,19.0,1952.3499999999997,Branch,Student,1
201.69,59.0,7328.52,ATM,Doctor,0
399.21,59.0,3210.39,ATM,Engineer,2
1041.88,78.0,5726.2,Online,Retired,2
630.36,62.0,1363.65,ATM,Retired,2
10.94,60.0,1241.99,ATM,Engineer,2
215.9,38.0,7873.280000000001,ATM,Doctor,0
1422.55,79.0,5674.32,Branch,Retired,2
226.37,49.0,9840.04,Branch,Doctor,0
444.89,43.0,10328.23,Branch,Doctor,0
280.57,25.0,293.24,Online,Student,1
488.54,52.0,7486.63,Branch,Engineer,2
3.3,50.0,11385.37,Branch,Doctor,0
199.39,69.0,7264.79,Branch,Retired,2
20.36,62.0,2762.48,Branch,Retired,2
113.64,62.0,6675.03,Online,Retired,2
493.11,53.0,7432.99,Branch,Retired,2
307.41,19.0,1057.0,ATM,Student,1
11.18,43.0,5956.89,Online,Doctor,0
313.82,59.0,7261.59,Branch,Engineer,2
51.0,64.0,4943.16,Branch,Retired,2
140.98,60.0,8127.4800000000005,Branch,Engineer,2
288.04,68.0,1748.02,ATM,Retired,2
800.55,31.0,9660.22,ATM,Engineer,2
485.54,46.0,6371.51,ATM,Engineer,2
521.15,54.0,9442.47,ATM,Doctor,0
321.79,63.0,5959.2,ATM,Retired,2
304.93,65.0,13531.22,ATM,Doctor,0
432.08,40.0,11500.62,ATM,Doctor,0
694.2,61.0,1389.37,ATM,Retired,2
116.86,55.0,6706.56,ATM,Engineer,2
386.81,57.0,7175.29,Online,Doctor,0
74.88,25.0,420.67,ATM,Student,1
195.76,75.0,7323.53,Branch,Retired,2
134.7,50.0,8395.85,ATM,Doctor,0
890.24,33.0,5140.93,Online,Engineer,2
361.27,63.0,7945.57,ATM,Doctor,0
131.56,44.0,5873.54,Branch,Doctor,0
485.51,76.0,3074.45,Online,Retired,2
547.87,64.0,6155.76,ATM,Retired,2
457.3,28.0,8318.29,Online,Engineer,2
506.24,58.0,230.09,ATM,Engineer,2
486.59,57.0,2513.56,Branch,Retired,2
163.68,41.0,10090.05,Branch,Doctor,0
581.65,22.0,480.19000000000005,ATM,Student,1
52.01,48.0,1120.88,ATM,Doctor,0
630.24,21.0,370.81,ATM,Student,1
523.74,43.0,13498.55,ATM,Doctor,0
705.6,40.0,14804.7,Branch,Doctor,0
217.5,46.0,3057.4,Branch,Engineer,2
91.48,51.0,14942.779999999999,ATM,Doctor,0
5.25,39.0,14143.32,ATM,Doctor,0
54.03,56.0,6736.3,ATM,Retired,2
736.73,48.0,3313.07,Branch,Engineer,2
368.91,54.0,829.7099999999999,Branch,Doctor,0
33.06,53.0,1540.87,Online,Retired,2
66.5,32.0,6820.23,Online,Engineer,2
177.08,35.0,13475.14,Online,Doctor,0
588.54,32.0,714.4499999999999,Branch,Engineer,2
173.5,21.0,1306.91,ATM,Student,1
78.33,56.0,7255.33,Online,Engineer,2
40.66,59.0,1153.84,Branch,Retired,2
97.22,77.0,6647.73,Branch,Retired,2
34.07,22.0,8709.77,Branch,Student,1
492.06000000000006,23.0,857.9,Online,Student,1
842.01,53.0,509.45000000000005,Online,Doctor,0
73.55,51.0,2812.06,ATM,Engineer,2
760.53,57.0,6179.91,Online,Engineer,2
273.08,26.0,6609.3,Branch,Engineer,2
371.69,67.0,3484.32,Branch,Retired,2
218.96,18.0,754.21,ATM,Student,1
227.39,18.0,751.09,Online,Student,1
237.99,39.0,8510.09,Branch,Doctor,0
186.6,58.0,1508.72,Online,Doctor,0
341.15,18.0,511.36999999999995,Online,Student,1
434.58,59.0,12648.32,ATM,Doctor,0
312.88,54.0,233.21,Branch,Engineer,2
75.15,23.0,1092.92,ATM,Student,1
23.3,59.0,6711.15,ATM,Engineer,2
47.38,25.0,459.37,Online,Student,1
512.81,79.0,6994.34,Branch,Retired,2
488.15000000000003,43.0,7071.09,Branch,Engineer,2
12.82,44.0,9045.19,ATM,Engineer,2
66.9,79.0,5238.71,Online,Retired,2
535.91,43.0,9642.12,Online,Engineer,2
270.72,26.0,6263.96,Online,Engineer,2
97.98,72.0,7460.329999999999,Branch,Retired,2
196.08,61.0,4233.82,Online,Retired,2
251.18000000000004,42.0,8303.9,ATM,Engineer,2
44.52,28.0,314.28,Online,Student,1
178.87,35.0,5241.23,Online,Doctor,0
1176.28,54.0,323.69,ATM,Engineer,2
386.68,46.0,6863.06,Branch,Doctor,0
167.14,76.0,3877.7299999999996,Online,Retired,2
345.22,69.0,4046.5800000000004,Branch,Retired,2
74.85,72.0,2409.73,ATM,Retired,2
671.73,58.0,5211.88,Branch,Engineer,2
255.03999999999996,45.0,6217.86,ATM,Engineer,2
45.77,25.0,5978.12,Online,Student,1
329.69,26.0,1671.66,Online,Student,1
362.04,58.0,8421.88,Branch,Doctor,0
11.92,53.0,14611.9,Branch,Doctor,0
47.42,64.0,8253.52,ATM,Doctor,0
35.99,63.0,4489.79,Branch,Retired,2
151.19,37.0,11903.82,Branch,Doctor,0
242.62,22.0,483.02000000000004,Online,Student,1
48.72,21.0,816.0799999999999,Branch,Student,1
43.46,25.0,578.06,ATM,Student,1
1036.21,25.0,477.3,Online,Student,1
443.79,53.0,3133.85,ATM,Retired,2
365.14,68.0,5894.09,Online,Retired,2
757.41,22.0,9532.42,ATM,Student,1
20.54,51.0,5327.03,Branch,Engineer,2
475.36,34.0,2000.6,ATM,Engineer,2
34.74,56.0,6827.57,ATM,Retired,2
689.54,27.0,1633.76,Branch,Student,1
211.18,73.0,4069.1699999999996,ATM,Retired,2
211.36,51.0,7943.469999999999,Branch,Engineer,2
744.41,39.0,8842.47,Online,Engineer,2
61.43,24.0,1882.77,Online,Student,1
167.44,37.0,12526.71,Branch,Doctor,0
361.46,21.0,4737.84,Online,Student,1
378.85,78.0,2300.53,Branch,Retired,2
241.10999999999999,30.0,12385.05,Branch,Doctor,0
131.93,31.0,4547.06,Branch,Engineer,2
20.28,36.0,2047.83,Online,Engineer,2
415.88,70.0,10008.33,Branch,Doctor,0
49.99,62.0,2299.64,ATM,Retired,2
1221.65,27.0,243.92,Online,Student,1
100.66,50.0,14473.33,Branch,Doctor,0
485.54,19.0,1533.32,Online,Student,1
321.15,46.0,7005.05,Branch,Doctor,0
711.3,21.0,955.4,Branch,Student,1
12.23,42.0,7844.880000000001,ATM,Engineer,2
350.94,20.0,221.56,ATM,Student,1
301.85,54.0,6586.19,Online,Engineer,2
29.34,65.0,3944.82,Online,Retired,2
231.71,27.0,1127.98,Branch,Student,1
179.43,58.0,2626.63,ATM,Retired,2
36.71,48.0,6459.38,Branch,Doctor,0
138.12,53.0,1649.69,Branch,Doctor,0
233.24,33.0,6939.23,ATM,Engineer,2
609.14,39.0,9033.87,ATM,Engineer,2
436.64,31.0,14365.18,Branch,Doctor,0
870.43,29.0,10115.18,Branch,Doctor,0
354.4,74.0,7358.65,ATM,Retired,2
22.63,53.0,4438.03,Online,Engineer,2
182.19,26.0,1176.1,Branch,Student,1
126.81,26.0,5427.98,Branch,Engineer,2
288.17,37.0,3653.11,Online,Engineer,2
118.77,55.0,2104.82,Branch,Engineer,2
651.82,21.0,1802.77,ATM,Student,1
66.65,37.0,3559.96,ATM,Engineer,2
98.53,69.0,3564.8,Branch,Retired,2
138.95,71.0,6752.92,Online,Retired,2
33.89,26.0,1444.75,Branch,Student,1
23.71,58.0,10788.89,Branch,Doctor,0
1830.0,55.0,2235.7,Online,Engineer,2
26.06,65.0,12893.63,ATM,Doctor,0
17.07,27.0,2798.15,Branch,Engineer,2
703.89,46.0,3583.67,Online,Engineer,2
1271.9,47.0,2120.8,ATM,Engineer,2
26.55,77.0,3085.38,ATM,Retired,2
147.4,42.0,6797.71,Branch,Engineer,2
202.11,27.0,746.47,ATM,Student,1
308.42,75.0,5427.81,Branch,Retired,2
11.18,53.0,7467.300000000001,ATM,Engineer,2
294.15,38.0,6362.16,Online,Engineer,2
29.58,54.0,8345.26,Branch,Engineer,2
139.45,27.0,1305.76,Online,Student,1
432.63,29.0,13648.36,ATM,Doctor,0
131.43,43.0,1337.5,Online,Doctor,0
516.72,42.0,2015.6900000000003,ATM,Engineer,2
121.82000000000001,69.0,8354.54,Online,Doctor,0
374.5,26.0,1671.51,Branch,Student,1
166.13,68.0,11822.53,ATM,Doctor,0
626.9,23.0,587.1099999999999,ATM,Student,1
466.85,56.0,5422.53,Branch,Retired,2
788.84,58.0,1913.73,Online,Retired,2
873.65,37.0,12139.83,Online,Doctor,0
525.28,69.0,4693.6,ATM,Retired,2
110.17,30.0,464.2,ATM,Engineer,2
632.69,80.0,4363.74,ATM,Retired,2
124.35,72.0,3319.76,ATM,Retired,2
43.85,62.0,4356.98,ATM,Retired,2
283.81,28.0,1519.35,Branch,Student,1
168.53,71.0,5962.58,ATM,Retired,2
218.59,40.0,6699.23,Branch,Engineer,2
132.84,21.0,822.73,ATM,Student,1
157.37,42.0,13964.31,Branch,Doctor,0
144.77,20.0,867.3199999999999,Online,Student,1
643.22,64.0,1035.86,ATM,Doctor,0
1392.54,41.0,13347.69,Branch,Doctor,0
208.07,32.0,8478.9,Online,Doctor,0
94.3,57.0,11088.95,Branch,Doctor,0
295.5,59.0,6280.66,ATM,Retired,2
30.229999999999997,44.0,481.13,ATM,Doctor,0
112.05,26.0,1122.88,ATM,Student,1
180.24,58.0,8431.23,Branch,Engineer,2
13.71,38.0,8342.79,Online,Engineer,2
96.54,58.0,7182.22,Branch,Retired,2
79.35,67.0,1692.15,Online,Retired,2
101.04,27.0,1695.57,ATM,Student,1
74.42,49.0,6264.21,Online,Engineer,2
39.66,52.0,8497.34,Branch,Engineer,2
99.36,40.0,1272.12,ATM,Doctor,0
123.85,56.0,3959.62,Online,Engineer,2
426.93,19.0,476.18999999999994,ATM,Student,1
133.73,25.0,1872.2200000000003,Online,Student,1
222.39,49.0,3117.39,Online,Engineer,2
215.94,22.0,1841.69,Online,Student,1
6.3,80.0,7697.680000000001,Branch,Retired,2
826.23,29.0,7580.590000000001,ATM,Doctor,0
416.37,35.0,7936.91,Online,Engineer,2
131.46,67.0,6642.33,Branch,Retired,2
202.86,61.0,7642.250000000001,Branch,Doctor,0
268.39,26.0,136.74,ATM,Student,1
194.85,23.0,319.84,Online,Student,1
137.35,40.0,12662.66,Online,Doctor,0
712.75,44.0,8126.0599999999995,Branch,Doctor,0
353.82,42.0,705.7499999999999,ATM,Doctor,0
507.25000000000006,73.0,5331.57,Branch,Retired,2
212.74,27.0,7645.469999999999,Branch,Engineer,2
364.42,51.0,8119.73,ATM,Engineer,2
195.12,46.0,6101.15,ATM,Doctor,0
230.61,80.0,2561.42,Branch,Retired,2
739.28,58.0,11905.64,Branch,Doctor,0
390.35,64.0,7095.88,ATM,Doctor,0
242.03000000000003,58.0,4382.73,Online,Engineer,2
242.39000000000001,18.0,1328.73,ATM,Student,1
135.03,23.0,1278.0,ATM,Student,1
83.5,61.0,1749.79,Branch,Retired,2
193.54,80.0,2929.51,Branch,Retired,2
617.36,29.0,8926.38,Branch,Engineer,2
775.23,59.0,5977.59,Online,Doctor,0
266.57,72.0,7676.92,ATM,Retired,2
153.4,45.0,4657.7,ATM,Engineer,2
946.94,53.0,5579.11,Branch,Retired,2
5.12,34.0,3293.01,Branch,Engineer,2
119.11,57.0,7998.25,ATM,Engineer,2
1096.7,24.0,1093.89,Online,Student,1
119.72,30.0,3435.34,Branch,Engineer,2
107.4,58.0,344.07,Online,Doctor,0
115.92,53.0,3897.17,ATM,Retired,2
438.04,67.0,5358.95,ATM,Retired,2
677.29,27.0,627.79,Online,Engineer,2
296.0,35.0,7418.82,Branch,Doctor,0
299.09,36.0,5615.26,Branch,Engineer,2
461.52,24.0,1995.1799999999998,Branch,Student,1
100.52,50.0,453.39,ATM,Engineer,2
85.35,66.0,2173.76,ATM,Retired,2
79.76,39.0,6452.14,Branch,Engineer,2
778.49,75.0,7713.67,Online,Retired,2
386.38,42.0,5528.36,Online,Engineer,2
165.25,35.0,9939.94,Online,Doctor,0
14.29,34.0,7016.99,ATM,Engineer,2
232.79,55.0,2661.3,Branch,Retired,2
1237.56,60.0,9410.17,Branch,Engineer,2
92.29,54.0,2026.3199999999997,Branch,Engineer,2
293.97,68.0,7371.85,Branch,Retired,2
136.32,19.0,264.83,Online,Student,1
251.06,36.0,10001.66,Online,Doctor,0
50.17,77.0,7752.140000000001,ATM,Retired,2
21.4,34.0,9594.11,Branch,Engineer,2
73.28,21.0,1329.41,Branch,Student,1
70.23,38.0,11624.93,ATM,Doctor,0
689.29,22.0,168.84,ATM,Student,1
745.03,28.0,160.57,Online,Student,1
54.61,58.0,7135.64,ATM,Engineer,2
54.05,27.0,469.13999999999993,Branch,Student,1
107.47,67.0,7517.499999999999,Online,Retired,2
611.11,20.0,919.84,ATM,Student,1
219.63,48.0,8013.63,ATM,Doctor,0
188.7,54.0,5077.06,Branch,Retired,2
93.52,51.0,2791.2,Online,Engineer,2
275.92,62.0,1777.38,Branch,Retired,2
376.79,68.0,7749.14,Branch,Retired,2
8.98,66.0,4516.76,Online,Retired,2
697.32,68.0,2016.0200000000002,Online,Retired,2
17.45,18.0,1959.52,ATM,Student,1
302.16,80.0,3876.61,Online,Retired,2
442.74,23.0,1790.27,Branch,Student,1
623.9,27.0,711.4699999999999,ATM,Student,1
445.41,35.0,12154.66,ATM,Doctor,0
63.41,26.0,1546.22,ATM,Student,1
346.85,44.0,7208.15,ATM,Doctor,0
71.95,59.0,9267.32,Online,Engineer,2
7.5,63.0,6485.78,Online,Retired,2
206.46,65.0,3984.38,ATM,Retired,2
423.11,60.0,412.78,ATM,Engineer,2
35.84,54.0,4795.65,Online,Retired,2
88.6,28.0,246.57,Branch,Student,1
1431.3,18.0,1058.13,ATM,Student,1
53.81,55.0,2564.62,ATM,Engineer,2
22.46,54.0,6631.5,Online,Retired,2
334.89,21.0,1661.68,Online,Student,1
319.27,54.0,5504.01,Online,Retired,2
144.3,18.0,312.19,ATM,Student,1
348.7,69.0,2445.58,Branch,Retired,2
366.21,62.0,10862.99,ATM,Doctor,0
99.11,55.0,5414.87,Online,Retired,2
539.35,55.0,3919.4399999999996,ATM,Retired,2
188.99,58.0,7315.34,Branch,Engineer,2
1416.69,46.0,3740.7300000000005,ATM,Engineer,2
710.14,26.0,465.62999999999994,ATM,Student,1
308.68,53.0,9992.36,Online,Doctor,0
166.68,57.0,5141.19,ATM,Retired,2
0.99,45.0,4317.85,ATM,Engineer,2
505.18999999999994,30.0,5326.68,ATM,Doctor,0
66.58,23.0,1636.32,Branch,Student,1
223.43,77.0,7932.410000000001,Branch,Retired,2
659.95,60.0,3927.6900000000005,Online,Engineer,2
634.86,27.0,588.4999999999999,ATM,Student,1
286.5,30.0,8517.95,Branch,Engineer,2
322.96,76.0,2401.59,Branch,Retired,2
654.48,19.0,6776.41,Branch,Student,1
157.97,48.0,5529.92,Branch,Doctor,0
120.90000000000002,40.0,9009.42,Branch,Doctor,0
254.77,57.0,5994.87,Branch,Engineer,2
795.96,65.0,5468.58,Online,Retired,2
149.25,39.0,5677.52,ATM,Engineer,2
3.42,43.0,14180.21,Online,Doctor,0
68.19,40.0,9895.1,Online,Doctor,0
493.4200000000001,39.0,2232.84,Branch,Engineer,2
37.57,57.0,7739.54,ATM,Retired,2
127.00000000000001,19.0,431.16,Branch,Student,1
96.89,59.0,6044.93,ATM,Retired,2
448.33,25.0,922.19,ATM,Student,1
1116.48,51.0,447.53,ATM,Engineer,2
8.65,48.0,10778.35,Online,Doctor,0
65.57,41.0,7513.79,Online,Engineer,2
539.81,46.0,2051.25,Online,Engineer,2
363.53,63.0,1038.91,ATM,Retired,2
64.9,51.0,6854.61,Branch,Retired,2
358.18,18.0,619.86,ATM,Student,1
167.2,30.0,11320.83,Branch,Doctor,0
121.90999999999998,60.0,14510.8,Branch,Doctor,0
137.57,54.0,5103.67,Online,Engineer,2
534.62,55.0,13793.53,Online,Doctor,0
463.92,50.0,2403.39,Online,Engineer,2
320.14,60.0,3075.97,Online,Retired,2
214.93,28.0,7835.4,Online,Student,1
660.02,20.0,414.43,Branch,Student,1
345.81,40.0,6116.8,Branch,Engineer,2
143.54,71.0,6067.62,ATM,Retired,2
42.55,53.0,7341.43,Branch,Engineer,2
1063.25,21.0,1240.71,Online,Student,1
541.79,22.0,1454.08,ATM,Student,1
40.57,26.0,1476.91,Branch,Student,1
120.24000000000001,18.0,1943.1300000000003,Branch,Student,1
498.66999999999996,28.0,1719.97,Online,Student,1
227.22,53.0,832.82,ATM,Doctor,0
1182.86,30.0,7696.16,Online,Engineer,2
56.94,76.0,7004.63,Online,Retired,2
629.82,68.0,6385.69,ATM,Retired,2
59.44,35.0,5472.03,Online,Engineer,2
186.69,30.0,8602.22,Branch,Engineer,2
230.46,19.0,162.53,Online,Student,1
65.09,44.0,9370.9,Online,Engineer,2
457.09,55.0,8570.82,Online,Engineer,2
552.02,44.0,522.08,ATM,Engineer,2
377.12,34.0,836.6699999999998,ATM,Engineer,2
204.56,18.0,364.72,Branch,Student,1
420.28,35.0,8557.32,Branch,Doctor,0
97.09,24.0,1579.57,ATM,Student,1
124.59,27.0,129.29,Branch,Student,1
73.88,39.0,6474.41,Online,Doctor,0
77.43,21.0,1380.21,Online,Student,1
106.16,56.0,7487.790000000001,ATM,Doctor,0
245.93,54.0,7986.629999999999,Branch,Engineer,2
622.41,64.0,7322.01,ATM,Doctor,0
43.73,34.0,9929.43,ATM,Doctor,0
1282.86,19.0,1830.98,Branch,Student,1
2.03,33.0,3012.31,ATM,Engineer,2
770.65,31.0,7198.8,Online,Doctor,0
260.31,63.0,10980.38,Branch,Doctor,0
356.1,26.0,868.35,Branch,Student,1
27.07,80.0,3773.2899999999995,Branch,Retired,2
119.89,67.0,6697.77,ATM,Doctor,0
106.39,37.0,9410.99,Online,Doctor,0
12.04,37.0,6213.32,Online,Engineer,2
365.7,21.0,368.78,Branch,Student,1
29.38,28.0,1663.31,Branch,Student,1
319.85,60.0,711.6599999999999,ATM,Doctor,0
350.14,75.0,2403.25,Online,Retired,2
163.94,52.0,5957.37,Branch,Retired,2
170.53,24.0,801.01,Branch,Student,1
262.22,40.0,5711.71,ATM,Engineer,2
41.49,24.0,928.33,Online,Student,1
121.43,52.0,7365.28,Branch,Engineer,2
350.46,51.0,5839.38,Branch,Retired,2
220.41,26.0,5116.98,Online,Engineer,2
33.46,72.0,3641.07,ATM,Retired,2
104.79,70.0,1352.19,ATM,Doctor,0
246.27000000000004,29.0,7299.86,Online,Doctor,0
48.85,19.0,1503.56,ATM,Student,1
332.0,69.0,5943.13,ATM,Retired,2
118.1,54.0,895.6599999999999,Online,Engineer,2
84.59,67.0,5669.1,Branch,Doctor,0
295.64,21.0,1061.96,Online,Student,1
514.33,25.0,1592.94,Branch,Student,1
992.1700000000001,43.0,6215.96,ATM,Doctor,0
94.59,39.0,6171.89,Online,Doctor,0
80.43,59.0,5987.67,Branch,Retired,2
54.25,68.0,14783.33,Online,Doctor,0
178.88,76.0,4708.29,Branch,Retired,2
518.85,22.0,1806.0,Online,Student,1
10.65,54.0,13240.72,Online,Doctor,0
198.62,27.0,1196.07,Branch,Student,1
107.03,27.0,1408.07,Branch,Student,1
139.57,19.0,271.78,ATM,Student,1
312.47,49.0,9419.27,ATM,Engineer,2
346.11,41.0,9551.64,Branch,Engineer,2
138.06,44.0,1070.47,Branch,Engineer,2
158.02,49.0,9374.24,ATM,Engineer,2
830.01,66.0,4253.18,Online,Retired,2
435.5,55.0,6981.03,ATM,Retired,2
110.49,57.0,10483.93,Online,Doctor,0
329.4,34.0,9588.07,Online,Doctor,0
635.4,47.0,1238.11,ATM,Doctor,0
769.97,22.0,1244.93,Branch,Student,1
175.07,26.0,1040.25,Branch,Student,1
7.31,78.0,5757.67,Branch,Retired,2
175.15,27.0,1712.65,ATM,Student,1
32.54,25.0,1544.88,Online,Student,1
121.82000000000001,60.0,13293.83,Online,Doctor,0
56.12,30.0,8839.67,ATM,Doctor,0
424.7,56.0,6239.89,Online,Retired,2
35.16,32.0,8459.18,Branch,Engineer,2
35.73,65.0,9073.17,Branch,Doctor,0
3.44,78.0,7561.33,ATM,Retired,2
1342.25,21.0,694.03,Branch,Student,1
139.03,50.0,2276.57,Online,Engineer,2
254.92,28.0,2791.12,ATM,Engineer,2
115.11,28.0,9808.97,Online,Engineer,2
171.11,57.0,6324.09,ATM,Retired,2
168.54,70.0,13406.0,ATM,Doctor,0
420.76,51.0,6581.55,Branch,Retired,2
408.46,64.0,3140.79,Branch,Retired,2
1162.42,30.0,10357.26,Online,Doctor,0
342.17,21.0,461.83,Branch,Student,1
580.71,53.0,5670.0,ATM,Engineer,2
821.54,79.0,4040.3199999999997,Branch,Retired,2
253.47,20.0,220.51,Branch,Student,1
22.81,62.0,3634.76,Online,Retired,2
266.57,39.0,7180.48,Online,Engineer,2
374.61,75.0,1389.71,Online,Retired,2
339.35,78.0,5002.7,ATM,Retired,2
810.36,20.0,9239.12,ATM,Student,1
9.83,24.0,666.42,ATM,Student,1
135.57,51.0,11351.64,Branch,Doctor,0
340.05,43.0,7234.15,ATM,Engineer,2
283.45,27.0,2049.51,Branch,Engineer,2
100.99,68.0,8865.27,ATM,Doctor,0
90.88,18.0,3908.4700000000003,Branch,Student,1
655.15,26.0,5587.44,ATM,Engineer,2
320.55,50.0,438.75,Online,Engineer,2
41.51,28.0,609.5999999999999,Online,Student,1
71.53,68.0,2393.73,Branch,Retired,2
467.13,54.0,3914.84,Branch,Retired,2
235.4,28.0,818.3599999999999,Branch,Student,1
159.32,18.0,304.44,Branch,Student,1
50.83,30.0,9553.42,Online,Doctor,0
56.89,59.0,3034.67,Branch,Engineer,2
20.22,43.0,5515.32,ATM,Engineer,2
50.4,36.0,1677.01,Branch,Doctor,0
73.88,53.0,4055.55,Branch,Retired,2
119.61,33.0,9899.94,ATM,Doctor,0
1241.05,18.0,756.74,Branch,Student,1
116.58,43.0,2620.74,Branch,Engineer,2
1919.1100000000001,30.0,11090.24,ATM,Doctor,0
391.96,64.0,2174.16,ATM,Retired,2
156.26,46.0,7854.100000000001,Branch,Engineer,2
427.0,49.0,8253.65,Branch,Engineer,2
443.68,18.0,874.1499999999999,ATM,Student,1
101.76,31.0,6043.25,Branch,Doctor,0
67.57,37.0,2766.12,Branch,Engineer,2
326.29,56.0,8171.259999999999,Online,Engineer,2
158.56,33.0,5401.21,ATM,Doctor,0
56.02,27.0,3548.02,Online,Student,1
288.28,27.0,160.83,Online,Student,1
245.67,24.0,752.2499999999999,Branch,Student,1
152.18,39.0,2459.84,Online,Engineer,2
114.35,41.0,469.12,Branch,Engineer,2
373.27,61.0,8441.61,Online,Doctor,0
504.63000000000005,60.0,3806.16,Online,Engineer,2
126.22,46.0,6133.41,ATM,Engineer,2
820.15,47.0,8802.97,Branch,Doctor,0
986.8099999999998,68.0,14881.77,Online,Doctor,0
8.37,63.0,1106.34,ATM,Retired,2
197.49,53.0,5005.33,Online,Retired,2
637.97,58.0,7949.03,Branch,Retired,2
13.52,26.0,259.77,ATM,Student,1
432.1,49.0,2114.3,ATM,Engineer,2
375.17,51.0,5495.3,ATM,Engineer,2
642.68,50.0,8461.46,Branch,Doctor,0
78.44,52.0,6870.84,Online,Retired,2
139.72,49.0,5058.83,Branch,Engineer,2
499.99,31.0,8885.0,Branch,Engineer,2
10.07,24.0,530.81,Online,Student,1
120.61999999999999,23.0,9379.53,ATM,Student,1
578.49,59.0,6475.13,Branch,Retired,2
119.3,34.0,319.04,Branch,Engineer,2
280.92,41.0,5298.85,Online,Doctor,0
42.42,21.0,490.57,Online,Student,1
77.03,67.0,11310.27,ATM,Doctor,0
22.59,62.0,3988.75,ATM,Retired,2
568.76,51.0,7484.319999999999,ATM,Retired,2
25.94,58.0,4815.11,Online,Retired,2
105.94,51.0,5963.1,Branch,Engineer,2
733.29,52.0,10427.0,ATM,Doctor,0
350.15,21.0,296.47,ATM,Student,1
1151.18,65.0,1100.06,ATM,Doctor,0
183.67,19.0,910.26,Online,Student,1
278.27,29.0,6684.34,Branch,Doctor,0
470.3,40.0,8524.09,ATM,Doctor,0
261.69,53.0,5126.65,ATM,Retired,2
365.04,22.0,873.8899999999999,Branch,Student,1
211.1,57.0,7059.77,Branch,Retired,2
21.49,58.0,11991.24,ATM,Doctor,0
63.58,18.0,8086.040000000001,ATM,Student,1
321.86,63.0,12626.49,ATM,Doctor,0
12.11,75.0,1730.28,Branch,Retired,2
642.54,44.0,3143.17,Branch,Engineer,2
210.45,27.0,1242.49,ATM,Student,1
313.65,55.0,1886.36,Branch,Retired,2
99.76,26.0,416.89,Branch,Student,1
115.32,53.0,5929.08,Branch,Retired,2
33.61,23.0,479.08,Online,Student,1
498.59,33.0,5862.99,Online,Doctor,0
98.81,27.0,797.1,Branch,Student,1
1.8700000000000003,65.0,7287.94,ATM,Retired,2
78.92,59.0,5624.86,Online,Engineer,2
194.29,39.0,2988.41,Branch,Engineer,2
28.73,53.0,2712.96,ATM,Engineer,2
105.53,24.0,1433.66,Online,Student,1
737.34,30.0,7336.56,Online,Doctor,0
237.86,18.0,475.62999999999994,ATM,Student,1
409.61,65.0,11698.15,Branch,Doctor,0
75.53,21.0,1034.35,Online,Student,1
72.75,64.0,12042.79,ATM,Doctor,0
39.11,26.0,518.54,Online,Student,1
1309.79,23.0,1258.93,ATM,Student,1
729.38,68.0,9127.65,ATM,Doctor,0
137.49,34.0,4471.05,ATM,Engineer,2
504.71,29.0,6214.54,Online,Engineer,2
371.47,24.0,1187.04,Branch,Student,1
430.35,36.0,354.9,Online,Doctor,0
230.32,35.0,791.46,Branch,Engineer,2
121.71,52.0,5878.89,ATM,Retired,2
98.87,20.0,533.2,Online,Student,1
117.55,24.0,897.94,ATM,Student,1
244.64,30.0,9159.56,Branch,Doctor,0
321.93,45.0,4392.73,ATM,Engineer,2
1092.73,58.0,1390.98,Branch,Retired,2
283.23,40.0,2008.7700000000002,Online,Engineer,2
346.65,30.0,6356.96,Online,Engineer,2
381.62,64.0,6009.12,Online,Retired,2
388.65,76.0,7896.850000000001,ATM,Retired,2
29.22,24.0,1649.43,ATM,Student,1
46.75,67.0,2840.43,Branch,Retired,2
348.64,57.0,3274.96,Online,Retired,2
319.17,73.0,6501.56,Online,Retired,2
73.95,26.0,363.92,ATM,Student,1
389.63,27.0,9748.48,Online,Engineer,2
217.61,19.0,1404.53,ATM,Student,1
199.84,21.0,706.44,ATM,Student,1
56.35,44.0,5095.73,ATM,Doctor,0
248.95000000000002,65.0,3059.79,Branch,Retired,2
142.58,33.0,7844.23,ATM,Engineer,2
1020.7299999999999,28.0,1119.61,ATM,Student,1
84.34,58.0,5313.97,Online,Retired,2
1607.55,31.0,6227.99,ATM,Engineer,2
333.78,60.0,6810.94,ATM,Retired,2
332.59,55.0,1457.07,Online,Retired,2
236.81,22.0,813.68,Branch,Student,1
417.8,27.0,1518.82,Branch,Student,1
319.27,50.0,10269.78,ATM,Doctor,0
384.1,42.0,672.7899999999998,Branch,Engineer,2
820.62,61.0,6024.8,Branch,Doctor,0
474.77,56.0,2158.59,Online,Engineer,2
542.72,43.0,6011.8,Branch,Doctor,0
79.8,73.0,6372.58,ATM,Retired,2
46.24,57.0,2569.56,Branch,Engineer,2
327.8,61.0,10585.48,ATM,Doctor,0
445.79,52.0,717.9899999999999,ATM,Doctor,0
55.89,72.0,3689.65,Online,Retired,2
158.41,28.0,1512.16,Branch,Student,1
101.19,64.0,14389.45,Online,Doctor,0
827.14,36.0,9800.21,Branch,Engineer,2
61.970000000000006,74.0,7014.69,ATM,Retired,2
27.21,79.0,3520.61,ATM,Retired,2
173.74,80.0,4913.42,Online,Retired,2
176.11,38.0,9155.35,Branch,Engineer,2
88.4,46.0,2567.53,Online,Engineer,2
567.92,53.0,3779.4699999999993,Online,Retired,2
138.11,68.0,4177.65,Online,Retired,2
456.93,28.0,7284.76,Branch,Engineer,2
101.42,66.0,6530.59,Online,Retired,2
300.61,44.0,7895.540000000001,Online,Doctor,0
265.94,54.0,6781.3,Online,Engineer,2
345.54,29.0,2091.78,Online,Engineer,2
411.52,41.0,11108.39,ATM,Doctor,0
111.21,35.0,9088.36,Branch,Doctor,0
316.37,53.0,4671.69,ATM,Engineer,2
260.63,37.0,7534.7300000000005,Branch,Engineer,2
92.36,29.0,6353.14,ATM,Engineer,2
262.06,63.0,13587.52,Branch,Doctor,0
64.5,74.0,1351.24,ATM,Retired,2
253.55,28.0,2797.26,ATM,Engineer,2
408.28,21.0,1222.77,Branch,Student,1
175.94,57.0,3728.0400000000004,ATM,Retired,2
199.47,57.0,6067.44,Online,Doctor,0
51.07,63.0,4292.16,Branch,Retired,2
435.86,56.0,3801.8200000000006,ATM,Retired,2
74.73,64.0,6353.22,Branch,Retired,2
182.79,23.0,1251.85,Online,Student,1
628.36,44.0,11869.71,Online,Doctor,0
268.39,29.0,9409.43,Online,Doctor,0
362.27,80.0,6003.59,ATM,Retired,2
560.15,50.0,817.83,Online,Engineer,2
351.99,80.0,3663.64,ATM,Retired,2
132.36,28.0,319.65,Branch,Student,1
24.77,40.0,478.23,Online,Engineer,2
668.67,44.0,13446.81,Online,Doctor,0
80.24,53.0,8012.810000000001,Branch,Doctor,0
8.65,68.0,4201.22,ATM,Retired,2
178.91,18.0,8870.89,ATM,Student,1
115.22,27.0,906.1999999999999,Branch,Engineer,2
161.63,46.0,9286.37,Online,Doctor,0
542.75,70.0,2224.08,Branch,Retired,2
317.47,67.0,14639.28,Online,Doctor,0
280.99,45.0,9733.59,Branch,Engineer,2
24.19,29.0,2756.2,ATM,Engineer,2
586.85,36.0,6655.15,ATM,Doctor,0
372.41,55.0,3233.87,ATM,Retired,2
63.17,20.0,1676.57,ATM,Student,1
383.69,54.0,8371.11,Online,Engineer,2
247.16999999999996,65.0,2611.64,Branch,Retired,2
48.78,18.0,552.06,Branch,Student,1
4.15,60.0,6017.36,Branch,Retired,2
60.989999999999995,34.0,7281.46,Branch,Engineer,2
408.19,26.0,6847.47,Branch,Engineer,2
524.6,58.0,13017.7,Branch,Doctor,0
108.96,26.0,7597.660000000001,ATM,Student,1
70.03,63.0,7330.31,Branch,Retired,2
124.84,52.0,6711.78,Online,Retired,2
324.04,54.0,2248.06,ATM,Retired,2
39.69,70.0,3524.68,Online,Retired,2
157.7,58.0,8332.58,Branch,Engineer,2
81.27,22.0,1814.48,Online,Student,1
193.82,37.0,3886.7699999999995,Branch,Engineer,2
16.73,79.0,7591.129999999999,Online,Retired,2
474.05,57.0,1484.31,ATM,Retired,2
39.21,66.0,9385.57,ATM,Doctor,0
637.75,79.0,4202.92,Branch,Retired,2
153.59,66.0,4813.12,Branch,Retired,2
186.6,18.0,9716.68,Branch,Student,1
644.08,24.0,1980.62,Online,Student,1
226.66,41.0,10216.25,Branch,Doctor,0
305.0,22.0,944.83,ATM,Student,1
233.1,42.0,7469.2,Branch,Doctor,0
793.13,68.0,13389.16,Online,Doctor,0
224.19,52.0,8475.47,ATM,Doctor,0
214.83,23.0,991.6899999999999,ATM,Student,1
163.46,63.0,6953.8,Branch,Retired,2
194.99,34.0,1370.03,Branch,Engineer,2
23.4,46.0,14851.28,ATM,Doctor,0
227.5,34.0,11505.35,Online,Doctor,0
259.9,26.0,914.2799999999999,Online,Student,1
59.51,36.0,9955.88,Online,Doctor,0
50.63,64.0,4732.81,Online,Retired,2
1074.95,20.0,530.86,Branch,Student,1
112.94,73.0,3807.8399999999997,Online,Retired,2
11.81,21.0,320.25,ATM,Student,1
329.14,55.0,12033.92,Branch,Doctor,0
154.24,61.0,6109.55,ATM,Retired,2
233.44,20.0,1691.88,Online,Student,1
141.8,18.0,1697.67,ATM,Student,1
209.03,55.0,8359.5,Branch,Engineer,2
1137.63,26.0,1629.12,ATM,Student,1
261.14,42.0,6100.08,ATM,Engineer,2
101.81,45.0,13872.03,ATM,Doctor,0
98.71,32.0,10095.23,ATM,Doctor,0
87.38,21.0,1504.99,Branch,Student,1
83.39,32.0,13182.11,Branch,Doctor,0
267.55,46.0,4330.04,Online,Engineer,2
870.05,29.0,905.2499999999999,ATM,Doctor,0
154.32,38.0,6972.5,ATM,Engineer,2
164.51,78.0,3553.69,Branch,Retired,2
758.12,69.0,6164.65,ATM,Retired,2
103.76,28.0,9626.14,Online,Engineer,2
583.92,55.0,6364.14,Online,Engineer,2
204.06,77.0,4351.83,Online,Retired,2
53.51,56.0,5773.5,Online,Retired,2
1108.46,30.0,9257.04,Branch,Engineer,2
52.95,68.0,6335.58,Online,Retired,2
120.17,49.0,5403.79,ATM,Doctor,0
220.8,31.0,8135.31,Online,Engineer,2
119.01,45.0,9798.26,ATM,Doctor,0
183.32,21.0,137.42,ATM,Student,1
858.88,60.0,7015.46,Online,Engineer,2
11.46,41.0,2356.71,Online,Engineer,2
61.37,75.0,4294.44,Branch,Retired,2
103.08,49.0,9251.38,Branch,Engineer,2
1.2100000000000002,55.0,7542.739999999999,Branch,Retired,2
425.18,26.0,9880.71,Online,Engineer,2
60.96,52.0,6189.24,ATM,Retired,2
64.21,51.0,12540.18,ATM,Doctor,0
523.02,53.0,4586.11,Online,Retired,2
50.26,65.0,1519.38,Branch,Retired,2
110.08,19.0,1447.26,Branch,Student,1
54.47,23.0,1131.42,Branch,Student,1
79.76,68.0,10278.75,Online,Doctor,0
16.79,30.0,535.15,Online,Doctor,0
1531.31,18.0,859.8599999999999,Online,Student,1
68.62,29.0,13891.47,Branch,Doctor,0
157.16,20.0,1545.77,Branch,Student,1
643.38,18.0,1046.74,Online,Student,1
328.34,42.0,2840.45,Online,Engineer,2
72.68,69.0,6216.77,Online,Retired,2
354.76,51.0,10141.92,Branch,Doctor,0
793.88,22.0,1404.06,ATM,Student,1
29.22,27.0,7795.79,ATM,Engineer,2
653.97,37.0,3886.65,Online,Engineer,2
366.43,21.0,1560.45,Online,Student,1
120.86,33.0,13566.58,Online,Doctor,0
233.74,72.0,4749.54,Online,Retired,2
471.84,18.0,1044.33,ATM,Student,1
213.4,73.0,2012.24,Branch,Retired,2
254.20999999999998,48.0,2487.2,ATM,Engineer,2
577.73,37.0,14977.99,ATM,Doctor,0
170.26,27.0,1969.48,ATM,Student,1
337.73,78.0,7001.2,Online,Retired,2
330.61,64.0,2525.25,Branch,Retired,2
132.33,35.0,7457.94,ATM,Engineer,2
672.74,46.0,5386.52,Branch,Engineer,2
74.04,18.0,1690.23,Online,Student,1
197.18,28.0,3114.92,Online,Engineer,2
21.15,70.0,3466.74,Branch,Retired,2
218.37,62.0,9942.24,ATM,Doctor,0
590.01,29.0,9791.74,Online,Doctor,0
697.82,44.0,6824.0,Online,Engineer,2
302.76,38.0,8583.39,ATM,Engineer,2
148.0,20.0,1488.65,Branch,Student,1
22.26,19.0,5583.88,Branch,Student,1
0.86,25.0,1357.22,ATM,Student,1
757.1,65.0,10553.23,Branch,Doctor,0
38.81,25.0,1619.6,Online,Student,1
76.51,49.0,9475.4,Online,Engineer,2
32.46,31.0,8656.18,Online,Doctor,0
1022.7499999999999,62.0,207.74,Branch,Doctor,0
20.64,22.0,949.38,Branch,Student,1
662.11,23.0,1996.38,Branch,Student,1
288.77,55.0,8836.51,ATM,Engineer,2
35.05,30.0,14330.47,Branch,Doctor,0
214.73,46.0,5368.42,ATM,Doctor,0
25.38,57.0,8616.05,Branch,Engineer,2
617.66,41.0,5906.58,ATM,Engineer,2
446.39,63.0,7863.6,ATM,Retired,2
377.92,33.0,2254.71,Branch,Engineer,2
11.04,30.0,6983.04,Online,Engineer,2
275.46,36.0,9697.75,ATM,Doctor,0
179.76,78.0,5909.52,Online,Retired,2
32.34,44.0,7847.619999999999,Branch,Doctor,0
273.92,79.0,4543.56,Branch,Retired,2
375.45,19.0,1307.23,Branch,Student,1
388.98,23.0,1819.91,ATM,Student,1
492.84,25.0,577.67,ATM,Student,1
148.85,57.0,7802.360000000001,ATM,Doctor,0
119.95,62.0,2596.61,Branch,Retired,2
391.66,50.0,2406.31,Branch,Engineer,2
185.99,41.0,402.45,Branch,Engineer,2
322.48,27.0,1238.43,ATM,Student,1
20.27,18.0,796.3499999999999,Branch,Student,1
280.61,47.0,7888.76,ATM,Engineer,2
199.02,61.0,4658.89,ATM,Retired,2
104.23,63.0,5009.29,Online,Retired,2
353.59,52.0,1822.34,Branch,Retired,2
55.86,39.0,5346.46,Online,Engineer,2
10.77,31.0,10704.95,ATM,Doctor,0
95.55,33.0,2434.74,Branch,Engineer,2
477.07,27.0,6568.07,Online,Engineer,2
9.1,52.0,2791.45,Online,Retired,2
21.41,57.0,658.91,Online,Doctor,0
278.28,28.0,1346.88,Branch,Student,1
388.1,73.0,3022.12,Online,Retired,2
215.39,27.0,1582.55,ATM,Student,1
194.37,66.0,14395.88,ATM,Doctor,0
37.7,20.0,1741.1,ATM,Student,1
19.59,64.0,1061.69,Branch,Retired,2
81.35,41.0,7192.45,Online,Engineer,2
314.54,58.0,9923.45,Branch,Engineer,2
466.64,58.0,10915.11,ATM,Doctor,0
397.01,22.0,719.52,ATM,Student,1
472.48,55.0,7128.82,Branch,Engineer,2
67.15,59.0,9028.49,Online,Doctor,0
102.67,79.0,4656.94,Branch,Retired,2
460.09,35.0,6990.64,Online,Doctor,0
453.49,66.0,6366.43,Branch,Doctor,0
267.17,26.0,1382.62,ATM,Student,1
111.26,66.0,14350.11,ATM,Doctor,0
121.17000000000002,68.0,12990.77,ATM,Doctor,0
213.28,51.0,4835.91,Branch,Retired,2
187.88,60.0,2154.58,ATM,Engineer,2
471.88,34.0,14833.34,Online,Doctor,0
83.79,57.0,5061.3,ATM,Engineer,2
212.14,72.0,7225.06,Branch,Retired,2
99.16,79.0,2607.58,Online,Retired,2
839.33,60.0,11538.97,Branch,Doctor,0
29.91,76.0,2834.84,Online,Retired,2
4.24,38.0,7822.729999999999,Online,Engineer,2
50.29,58.0,7604.9,Online,Doctor,0
135.85,57.0,1480.39,Online,Retired,2
368.53,68.0,13696.31,Branch,Doctor,0
17.95,64.0,12344.9,Branch,Doctor,0
127.8,31.0,8630.99,Branch,Engineer,2
16.73,45.0,2202.62,Online,Engineer,2
317.12,44.0,14409.74,Branch,Doctor,0
476.63,79.0,4894.25,ATM,Retired,2
156.58,24.0,8981.61,Branch,Student,1
55.12,34.0,3791.99,Online,Engineer,2
15.74,27.0,690.16,Branch,Student,1
353.68,70.0,6777.12,Online,Retired,2
297.15,76.0,5449.37,Online,Retired,2
647.85,36.0,13779.97,Branch,Doctor,0
75.04,49.0,9648.6,ATM,Engineer,2
273.92,28.0,1029.15,Online,Student,1
215.8,51.0,3656.62,Branch,Retired,2
963.77,41.0,6710.51,ATM,Engineer,2
420.6,26.0,1778.75,Branch,Student,1
688.36,23.0,5191.13,Branch,Student,1
285.18,55.0,14847.97,Branch,Doctor,0
213.55,63.0,5238.37,ATM,Doctor,0
463.11,51.0,10238.82,Branch,Doctor,0
150.03,73.0,7491.42,ATM,Retired,2
428.61,51.0,2116.36,Branch,Retired,2
309.56,58.0,972.04,Online,Doctor,0
377.08,26.0,6430.86,Branch,Student,1
77.25,68.0,14077.97,Branch,Doctor,0
146.92,64.0,3990.6,ATM,Retired,2
126.6,22.0,961.6499999999999,Branch,Student,1
101.34,24.0,703.2599999999999,ATM,Student,1
184.97,58.0,1156.67,Branch,Doctor,0
451.15,46.0,1356.47,ATM,Engineer,2
516.47,25.0,1305.06,ATM,Student,1
880.04,25.0,261.97,ATM,Student,1
353.69,59.0,9500.79,Online,Engineer,2
66.69,25.0,1210.33,Branch,Student,1
95.75,31.0,337.62,Branch,Engineer,2
43.91,27.0,1806.68,Online,Student,1
98.03,54.0,6323.45,Branch,Engineer,2
617.66,42.0,7155.95,ATM,Engineer,2
888.57,62.0,7896.14,Online,Retired,2
107.48,22.0,591.2299999999999,Branch,Student,1
36.57,62.0,2583.07,ATM,Retired,2
575.62,43.0,234.40999999999997,Online,Doctor,0
84.89,37.0,4735.61,ATM,Engineer,2
832.3,69.0,6617.52,Branch,Retired,2
180.65,22.0,816.0099999999999,Branch,Student,1
7.759999999999999,52.0,7393.11,Online,Retired,2
109.3,56.0,13510.11,Branch,Doctor,0
230.08,79.0,4466.1,Online,Retired,2
361.92,54.0,7474.31,ATM,Retired,2
71.29,68.0,7225.63,ATM,Retired,2
122.44999999999999,46.0,7255.49,Branch,Doctor,0
642.53,65.0,11417.91,ATM,Doctor,0
62.86000000000001,25.0,1040.43,Branch,Student,1
175.21,69.0,6039.04,ATM,Doctor,0
168.0,32.0,3498.58,Branch,Engineer,2
11.46,67.0,6628.75,Online,Retired,2
382.07,62.0,10156.09,Branch,Doctor,0
13.48,18.0,521.88,Online,Student,1
65.32,28.0,9165.02,ATM,Student,1
83.07,27.0,6704.76,Branch,Engineer,2
730.1,77.0,6384.05,Branch,Retired,2
85.31,62.0,6095.65,ATM,Retired,2
726.61,18.0,1008.76,ATM,Student,1
130.4,45.0,4381.24,Branch,Engineer,2
68.1,20.0,1382.8,ATM,Student,1
65.26,26.0,7380.63,Branch,Student,1
191.62,63.0,1981.6700000000003,Branch,Doctor,0
212.88,39.0,7036.72,Online,Doctor,0
88.38,30.0,3707.82,ATM,Engineer,2
48.77,42.0,2040.1600000000003,Online,Engineer,2
289.1,27.0,267.53,ATM,Student,1
390.09,26.0,2617.23,Online,Engineer,2
48.29,37.0,8883.4,Online,Engineer,2
333.83,63.0,1660.66,ATM,Retired,2
1074.29,67.0,2011.6,Branch,Retired,2
100.27,79.0,4309.9,Online,Retired,2
44.54,31.0,362.4,ATM,Engineer,2
1156.18,52.0,836.69,Online,Doctor,0
82.17,28.0,1913.06,Branch,Student,1
1045.45,19.0,563.46,Online,Student,1
447.42,32.0,6133.22,Online,Engineer,2
590.26,25.0,1068.28,Branch,Student,1
192.73,71.0,2037.7499999999998,Branch,Retired,2
146.01,26.0,221.79,Online,Student,1
136.05,24.0,1127.54,Online,Student,1
11.57,56.0,2061.61,Branch,Retired,2
102.34,51.0,9326.28,Online,Doctor,0
7.820000000000001,36.0,2240.49,ATM,Engineer,2
79.43,74.0,6579.37,ATM,Retired,2
386.97,58.0,1876.35,Branch,Retired,2
51.22,23.0,1664.59,Branch,Student,1
256.05,54.0,6910.18,ATM,Retired,2
7.79,34.0,1319.85,Branch,Doctor,0
233.71,63.0,6095.5,Branch,Doctor,0
176.37,55.0,2420.86,Branch,Retired,2
122.62999999999998,21.0,359.06,Branch,Student,1
86.41,75.0,3128.71,ATM,Retired,2
21.57,54.0,7587.48,ATM,Retired,2
82.67,26.0,290.59,Branch,Student,1
451.35,47.0,7707.959999999999,Branch,Engineer,2
299.42,63.0,4735.41,Branch,Retired,2
543.47,18.0,6165.03,ATM,Student,1
346.76,21.0,1637.75,Branch,Student,1
47.48,24.0,585.5199999999999,Branch,Student,1
64.92,58.0,5481.76,Branch,Engineer,2
350.72,28.0,1982.8999999999999,ATM,Student,1
3.8000000000000003,65.0,5766.96,Online,Doctor,0
22.54,26.0,7139.11,Online,Engineer,2
767.14,62.0,4732.57,Branch,Retired,2
167.47,35.0,2293.13,ATM,Engineer,2
43.65,30.0,2870.67,Branch,Engineer,2
391.08,56.0,6885.16,Online,Retired,2
390.77,44.0,5500.56,Online,Doctor,0
508.15999999999997,39.0,5609.44,ATM,Engineer,2
36.76,65.0,1228.93,Online,Retired,2
332.33,27.0,192.63,ATM,Student,1
362.09,32.0,6590.28,Branch,Engineer,2
42.58,30.0,13485.0,Online,Doctor,0
122.35,53.0,6472.5,Branch,Retired,2
248.65999999999997,28.0,2571.39,Online,Engineer,2
461.25,54.0,676.0999999999999,Online,Doctor,0
61.77000000000001,56.0,12352.2,Branch,Doctor,0
268.92,29.0,8765.38,Branch,Engineer,2
303.97,24.0,1590.88,Online,Student,1
219.02,54.0,7375.73,Online,Engineer,2
125.14,20.0,1845.18,Branch,Student,1
47.6,53.0,1382.51,Online,Engineer,2
592.82,74.0,7508.98,Online,Retired,2
372.5,22.0,3901.82,ATM,Student,1
4.72,32.0,4792.01,Branch,Engineer,2
144.93,42.0,6887.52,Branch,Engineer,2
316.56,28.0,8643.51,Online,Engineer,2
9.18,22.0,887.3199999999999,Online,Student,1
421.25,25.0,7174.69,Online,Student,1
185.71,48.0,2679.91,Branch,Engineer,2
1432.02,60.0,4315.07,Branch,Retired,2
26.27,45.0,8853.93,Online,Engineer,2
297.03,61.0,1088.62,Online,Retired,2
341.67,53.0,1442.29,Branch,Retired,2
99.52,52.0,3798.0900000000006,ATM,Engineer,2
881.1,28.0,9951.68,Branch,Student,1
139.69,52.0,9567.94,Online,Engineer,2
42.72,37.0,2669.66,ATM,Engineer,2
112.72,31.0,9630.0,Branch,Doctor,0
568.88,19.0,1307.86,Branch,Student,1
189.03,28.0,1916.46,ATM,Student,1
199.8,20.0,167.28,ATM,Student,1
189.08,68.0,10790.8,Branch,Doctor,0
958.9,31.0,9977.49,Branch,Engineer,2
409.59,35.0,14563.02,Online,Doctor,0
349.34,28.0,614.1399999999999,ATM,Student,1
283.15,24.0,603.79,Online,Student,1
151.82,51.0,2197.12,ATM,Retired,2
438.59,37.0,8994.39,Online,Engineer,2
590.57,79.0,3224.6,ATM,Retired,2
63.74,63.0,4336.4,Online,Retired,2
77.02,59.0,800.8299999999999,Online,Doctor,0
501.15,47.0,8821.84,Branch,Engineer,2
917.81,64.0,3173.17,ATM,Retired,2
8.95,76.0,3299.84,Online,Retired,2
173.6,21.0,421.44,Online,Student,1
149.4,53.0,1035.22,ATM,Retired,2
388.21,53.0,9724.49,Branch,Doctor,0
484.3,61.0,7910.300000000001,Online,Retired,2
126.04,65.0,6041.69,Branch,Retired,2
52.04,50.0,8436.12,Branch,Doctor,0
389.7,62.0,7125.15,Branch,Doctor,0
161.1,19.0,239.11999999999998,ATM,Student,1
309.77,67.0,4378.14,Online,Retired,2
838.57,41.0,14576.47,ATM,Doctor,0
202.55,21.0,701.7299999999999,ATM,Student,1
724.18,41.0,10922.78,Branch,Doctor,0
124.98,24.0,641.9999999999999,ATM,Student,1
487.32,52.0,7707.959999999999,Branch,Doctor,0
635.91,46.0,13267.09,Branch,Doctor,0
205.65,62.0,3582.16,Branch,Retired,2
39.41,25.0,921.91,Branch,Student,1
254.00000000000003,35.0,5788.53,Branch,Doctor,0
436.8,36.0,4515.43,Branch,Engineer,2
224.73,76.0,7551.890000000001,Branch,Retired,2
752.69,65.0,14489.69,ATM,Doctor,0
78.5,31.0,13991.5,Branch,Doctor,0
50.0,53.0,185.87,ATM,Doctor,0
132.42,18.0,726.3899999999999,ATM,Student,1
11.67,76.0,7458.629999999999,Branch,Retired,2
83.16,61.0,3065.87,ATM,Retired,2
149.02,46.0,9379.72,Branch,Engineer,2
74.27,59.0,13696.61,Online,Doctor,0
876.57,62.0,3743.6300000000006,ATM,Retired,2
615.58,42.0,14343.0,ATM,Doctor,0
643.03,36.0,2882.16,Online,Engineer,2
7.950000000000001,79.0,5631.2,ATM,Retired,2
270.92,77.0,4574.43,Branch,Retired,2
499.47999999999996,24.0,1242.62,ATM,Student,1
841.5,25.0,352.31,Branch,Student,1
138.82,77.0,3100.22,Online,Retired,2
231.46,60.0,4707.24,Branch,Engineer,2
292.08,72.0,7950.48,ATM,Retired,2
63.98,54.0,7954.12,Online,Doctor,0
235.21,67.0,5946.61,Branch,Doctor,0
201.73,57.0,6650.71,Online,Engineer,2
161.31,28.0,1268.67,ATM,Student,1
18.41,53.0,8287.54,Branch,Doctor,0
471.75,34.0,12948.5,Branch,Doctor,0
290.02,55.0,4746.71,Branch,Engineer,2
48.05,27.0,5334.97,Branch,Engineer,2
359.42,55.0,1765.45,Branch,Doctor,0
32.91,19.0,427.3,Online,Student,1
3.8000000000000003,67.0,6285.39,Branch,Retired,2
31.81,51.0,1406.6,Online,Retired,2
220.2,28.0,1075.15,Online,Student,1
476.03,77.0,5958.34,Branch,Retired,2
141.91,23.0,791.9699999999999,Branch,Student,1
95.83,27.0,1726.4,Online,Student,1
51.15,46.0,8992.25,Branch,Engineer,2
1192.2,60.0,7816.410000000001,Branch,Retired,2
50.75,62.0,8271.47,ATM,Doctor,0
185.07,22.0,636.42,Branch,Student,1
293.54,40.0,2290.1,Online,Engineer,2
23.38,32.0,9968.49,Branch,Engineer,2
285.26,28.0,167.72,ATM,Student,1
129.48,31.0,7581.7,ATM,Engineer,2
743.03,50.0,4111.38,ATM,Engineer,2
297.86,28.0,1680.14,ATM,Student,1
231.92,66.0,5715.08,ATM,Doctor,0
295.82,47.0,5897.73,Branch,Engineer,2
302.86,55.0,5239.24,Online,Doctor,0
81.08,58.0,7788.910000000001,ATM,Engineer,2
775.6,79.0,3898.6400000000003,Branch,Retired,2
178.43,26.0,1214.93,Branch,Student,1
211.91,20.0,927.4699999999999,Online,Student,1
17.21,23.0,914.16,Online,Student,1
124.22,23.0,9695.04,ATM,Student,1
38.37,63.0,8647.04,ATM,Doctor,0
269.79,52.0,1292.1,ATM,Engineer,2
605.42,21.0,392.34,ATM,Student,1
11.19,60.0,9877.17,ATM,Engineer,2
29.19,58.0,12059.85,Branch,Doctor,0
701.7,61.0,6643.24,Online,Retired,2
862.34,57.0,9903.48,Branch,Doctor,0
410.97,22.0,151.42,ATM,Student,1
36.97,41.0,2850.92,Branch,Engineer,2
137.59,30.0,10679.67,ATM,Doctor,0
168.11,51.0,10652.13,Online,Doctor,0
430.98,24.0,569.25,Branch,Student,1
13.87,24.0,954.83,Branch,Student,1
642.68,76.0,1831.2,ATM,Retired,2
175.07,28.0,9274.64,Online,Engineer,2
302.82,36.0,9384.54,ATM,Engineer,2
1647.74,67.0,1483.84,ATM,Retired,2
406.81,66.0,1968.3600000000001,Online,Retired,2
256.3,53.0,4203.05,Online,Retired,2
80.96,19.0,959.9399999999999,Online,Student,1
95.78,22.0,271.64,Online,Student,1
379.54,41.0,12571.76,Branch,Doctor,0
903.19,22.0,8627.08,Online,Student,1
142.19,18.0,524.46,Branch,Student,1
847.45,28.0,422.32,Branch,Student,1
295.18,66.0,12961.53,Branch,Doctor,0
18.46,68.0,6381.6,Branch,Retired,2
603.23,28.0,117.98000000000002,Branch,Student,1
54.5,57.0,1715.22,Branch,Retired,2
414.77,29.0,5599.81,Online,Doctor,0
886.19,61.0,7904.240000000001,Branch,Retired,2
440.03,49.0,1490.44,Online,Engineer,2
35.46,56.0,1532.72,ATM,Retired,2
76.39,18.0,5976.0,Branch,Student,1
595.91,19.0,1673.76,ATM,Student,1
6.03,76.0,3290.72,Branch,Retired,2
249.34,26.0,3030.97,ATM,Engineer,2
421.52,20.0,369.86,Branch,Student,1
189.77,58.0,6570.36,Branch,Engineer,2
73.19,76.0,2264.98,Branch,Retired,2
188.13,75.0,5029.87,Online,Retired,2
30.52,62.0,12327.74,Branch,Doctor,0
1235.69,20.0,420.25,Branch,Student,1
1159.39,41.0,6499.53,Online,Doctor,0
170.24,62.0,5172.99,Branch,Retired,2
56.62,54.0,8981.1,Branch,Doctor,0
53.14,34.0,7914.999999999999,ATM,Doctor,0
587.23,27.0,500.84,Online,Student,1
146.15,43.0,13784.4,Branch,Doctor,0
21.27,62.0,7392.79,Online,Retired,2
1397.59,26.0,1134.79,ATM,Student,1
76.02,34.0,14765.41,Online,Doctor,0
170.19,27.0,745.87,Branch,Student,1
155.51,68.0,5360.19,ATM,Doctor,0
135.15,72.0,5878.14,Online,Retired,2
39.48,56.0,5889.51,ATM,Retired,2
451.68,33.0,4381.54,Online,Engineer,2
19.11,49.0,8478.46,Online,Engineer,2
355.0,26.0,185.47,Online,Student,1
427.69,43.0,2443.54,ATM,Engineer,2
254.86,23.0,699.8999999999999,Branch,Student,1
19.48,27.0,4739.59,ATM,Engineer,2
190.17,49.0,12893.85,ATM,Doctor,0
91.38,65.0,2402.58,ATM,Retired,2
206.63,59.0,7626.53,Online,Retired,2
93.22,52.0,1014.6300000000001,Online,Retired,2
547.98,28.0,1358.54,ATM,Student,1
641.06,23.0,1602.13,ATM,Student,1
314.55,27.0,1105.89,Branch,Student,1
836.45,61.0,1731.89,Online,Retired,2
1095.09,29.0,8692.47,ATM,Engineer,2
189.45,53.0,12578.75,Branch,Doctor,0
91.84,67.0,1712.41,Branch,Retired,2
609.52,78.0,3485.03,ATM,Retired,2
859.3,78.0,1146.78,Branch,Retired,2
100.01,50.0,6393.12,ATM,Doctor,0
28.78,40.0,680.5499999999998,Online,Doctor,0
111.08,70.0,7037.34,Online,Doctor,0
470.96,69.0,12991.03,Online,Doctor,0
52.23,28.0,105.01,Branch,Student,1
78.62,32.0,1360.85,Branch,Doctor,0
47.79,25.0,1649.92,Branch,Student,1
333.97,52.0,5237.36,Branch,Doctor,0
30.87,33.0,14348.65,ATM,Doctor,0
710.43,67.0,5625.55,Online,Retired,2
220.23,41.0,3438.02,ATM,Engineer,2
27.28,29.0,10668.24,ATM,Doctor,0
101.52,49.0,2018.9000000000003,ATM,Engineer,2
162.65,59.0,9500.95,ATM,Engineer,2
10.52,55.0,2472.99,ATM,Retired,2
270.72,38.0,6522.47,Branch,Doctor,0
202.34,20.0,1223.45,Online,Student,1
247.58,39.0,778.74,ATM,Engineer,2
686.17,61.0,2246.15,ATM,Retired,2
359.65,25.0,219.53,Online,Student,1
109.91,38.0,12896.06,Branch,Doctor,0
215.72,30.0,8697.11,Branch,Engineer,2
490.76,66.0,6414.11,Online,Retired,2
224.28,64.0,5767.51,Online,Retired,2
614.03,68.0,2815.86,ATM,Retired,2
608.79,55.0,2991.17,Online,Engineer,2
186.55,48.0,224.65,Branch,Engineer,2
840.16,20.0,1236.76,Branch,Student,1
203.34,60.0,13586.99,ATM,Doctor,0
90.88,26.0,7117.35,ATM,Engineer,2
60.11,61.0,7235.87,Branch,Retired,2
393.92,72.0,7318.64,Branch,Retired,2
19.39,43.0,9847.6,ATM,Doctor,0
557.41,80.0,2968.75,Online,Retired,2
57.07,31.0,9323.71,Online,Doctor,0
395.27,18.0,1764.08,Online,Student,1
289.05,75.0,5683.49,ATM,Retired,2
46.11,33.0,5225.73,Online,Doctor,0
335.5,63.0,6445.4,ATM,Retired,2
388.07,24.0,289.71,Online,Student,1
520.86,51.0,9200.74,Online,Engineer,2
787.41,25.0,300.87,Online,Student,1
31.699999999999996,48.0,743.8999999999999,ATM,Doctor,0
22.3,21.0,1200.35,ATM,Student,1
203.12,56.0,1562.39,ATM,Retired,2
315.94,49.0,7719.709999999999,Branch,Doctor,0
192.23,54.0,2610.67,Online,Engineer,2
1510.71,66.0,2060.02,Online,Retired,2
0.26,20.0,1833.67,Online,Student,1
210.77,71.0,5396.65,ATM,Retired,2
406.65,57.0,12995.7,ATM,Doctor,0
422.9,40.0,7616.43,ATM,Engineer,2
20.62,35.0,12500.8,ATM,Doctor,0
174.39,19.0,1127.08,ATM,Student,1
7.859999999999999,76.0,3621.98,Branch,Retired,2
61.98,49.0,5212.28,Online,Engineer,2
54.85,58.0,2727.45,Branch,Retired,2
204.7,49.0,5117.03,Branch,Doctor,0
16.55,26.0,6089.79,Branch,Engineer,2
91.32,58.0,2618.1,Branch,Engineer,2
195.49,31.0,11988.12,ATM,Doctor,0
49.62,55.0,3841.4199999999996,ATM,Engineer,2
487.16,28.0,321.21,Branch,Student,1
405.6,37.0,9754.73,Online,Engineer,2
512.95,57.0,9584.52,Branch,Engineer,2
345.94,31.0,7624.56,ATM,Doctor,0
356.56,47.0,2485.73,Online,Engineer,2
10.31,36.0,2137.9,Online,Engineer,2
211.69,30.0,6412.85,Branch,Doctor,0
221.49,23.0,707.25,Branch,Student,1
278.23,48.0,8300.54,Online,Engineer,2
116.88,45.0,7717.339999999999,ATM,Doctor,0
328.77,39.0,6967.03,Online,Doctor,0
77.53,54.0,5158.6,Branch,Retired,2
421.74,67.0,12031.14,Online,Doctor,0
313.69,73.0,7093.68,Branch,Retired,2
411.72,29.0,8539.86,Branch,Doctor,0
508.73,59.0,7640.57,Branch,Retired,2
153.08,24.0,1292.21,ATM,Student,1
23.01,63.0,5958.75,Branch,Retired,2
69.28,25.0,708.7399999999999,Online,Student,1
51.25,28.0,1744.4,Branch,Student,1
407.65,25.0,273.78,ATM,Student,1
459.25,25.0,130.76,Branch,Student,1
301.56,49.0,10389.6,Branch,Doctor,0
17.67,63.0,1048.18,Online,Doctor,0
5.29,32.0,12896.68,Online,Doctor,0
401.37,43.0,8208.54,Branch,Engineer,2
145.4,38.0,5244.49,Online,Engineer,2
556.34,37.0,11935.14,Online,Doctor,0
34.31,24.0,1484.76,ATM,Student,1
780.59,23.0,6513.34,Online,Student,1
282.65,35.0,13801.15,ATM,Doctor,0
305.27,68.0,12958.65,Online,Doctor,0
185.81,32.0,9588.71,Online,Doctor,0
66.01,49.0,3475.99,Online,Engineer,2
447.95,29.0,7544.399999999999,Branch,Engineer,2
279.3,19.0,1193.61,ATM,Student,1
26.75,33.0,12063.77,Online,Doctor,0
611.15,27.0,892.8299999999999,ATM,Student,1
275.2,54.0,1230.12,Online,Engineer,2
427.79,18.0,1479.67,Branch,Student,1
469.13,54.0,1265.28,ATM,Doctor,0
102.81,76.0,3228.87,Branch,Retired,2
22.61,19.0,1111.67,Online,Student,1
68.28,56.0,3213.16,Online,Engineer,2
33.65,63.0,12719.93,Online,Doctor,0
362.68,63.0,2040.77,ATM,Retired,2
73.23,20.0,1309.85,Branch,Student,1
654.49,25.0,164.61,Online,Student,1
18.56,49.0,4230.37,Branch,Engineer,2
389.05,27.0,761.0,ATM,Student,1
7.38,67.0,2923.83,Online,Retired,2
109.48,61.0,7372.47,Online,Retired,2
66.91,39.0,871.1,ATM,Doctor,0
335.48,45.0,3023.16,Branch,Engineer,2
38.14,19.0,1119.21,Online,Student,1
1076.98,60.0,11833.73,Branch,Doctor,0
360.02,68.0,6400.59,Online,Retired,2
567.71,63.0,13884.24,Online,Doctor,0
218.19,19.0,620.83,ATM,Student,1
209.99,19.0,1938.0100000000002,ATM,Student,1
11.02,19.0,964.79,Branch,Student,1
83.43,56.0,1870.16,Online,Retired,2
344.97,34.0,5577.94,Online,Doctor,0
172.29,36.0,8700.8,ATM,Engineer,2
195.54,60.0,2794.66,Online,Retired,2
101.23,45.0,6169.71,Online,Engineer,2
180.46,25.0,831.7499999999999,ATM,Student,1
692.55,53.0,2451.56,Branch,Retired,2
147.31,34.0,13625.52,Online,Doctor,0
107.48,20.0,1379.39,Branch,Student,1
1831.02,62.0,11498.01,Online,Doctor,0
81.51,25.0,865.4899999999999,Branch,Student,1
365.48,76.0,7147.4,Online,Retired,2
491.1,35.0,7833.85,Online,Engineer,2
452.8,80.0,4840.67,Branch,Retired,2
645.04,70.0,7361.47,Branch,Retired,2
169.28,45.0,5128.44,Branch,Doctor,0
88.42,62.0,12381.45,ATM,Doctor,0
155.53,29.0,4008.05,ATM,Engineer,2
991.8200000000002,43.0,3493.13,Online,Engineer,2
39.24,77.0,6462.41,ATM,Retired,2
152.01,42.0,4625.12,ATM,Engineer,2
78.77,48.0,6470.57,ATM,Engineer,2
26.5,48.0,4854.83,Online,Engineer,2
83.62,48.0,12652.22,ATM,Doctor,0
142.78,68.0,11705.88,Branch,Doctor,0
55.99,35.0,932.61,ATM,Doctor,0
774.48,61.0,11613.58,Branch,Doctor,0
105.37,25.0,1068.55,ATM,Student,1
118.83,28.0,1616.3,Online,Student,1
46.22,23.0,471.2799999999999,Branch,Student,1
659.71,21.0,106.86,Branch,Student,1
377.97,72.0,2457.1,Online,Retired,2
114.1,69.0,5882.12,Branch,Retired,2
11.3,55.0,1938.99,Online,Retired,2
95.5,57.0,4079.09,Online,Retired,2
130.93,28.0,860.1199999999999,Branch,Engineer,2
272.97,68.0,7811.310000000001,Online,Retired,2
73.35,24.0,1181.84,Branch,Student,1
29.94,58.0,10915.54,ATM,Doctor,0
307.24,19.0,1670.72,ATM,Student,1
50.52,20.0,1121.19,Online,Student,1
820.46,53.0,5621.86,Online,Engineer,2
153.07,56.0,8873.43,ATM,Engineer,2
52.94,41.0,6990.92,Branch,Doctor,0
384.41,60.0,7831.56,ATM,Engineer,2
235.42,51.0,6173.23,Branch,Retired,2
114.23,56.0,9523.72,ATM,Doctor,0
12.62,33.0,6420.47,Branch,Doctor,0
997.37,23.0,1146.09,ATM,Student,1
373.52,35.0,6430.41,ATM,Engineer,2
336.05,28.0,1635.05,Branch,Student,1
366.93,66.0,6697.79,Online,Retired,2
112.27,58.0,7369.89,Branch,Doctor,0
494.9599999999999,40.0,6903.68,ATM,Engineer,2
561.58,65.0,11748.86,Online,Doctor,0
440.94,42.0,7303.23,Online,Doctor,0
71.9,29.0,10619.35,Branch,Doctor,0
256.66,54.0,1794.5,Online,Retired,2
166.55,59.0,12970.21,Branch,Doctor,0
276.26,56.0,120.88999999999999,Branch,Doctor,0
35.46,67.0,5692.31,ATM,Doctor,0
38.14,50.0,9879.87,Branch,Engineer,2
506.25999999999993,64.0,6266.65,ATM,Retired,2
736.32,31.0,14268.95,Online,Doctor,0
389.43,52.0,6449.83,ATM,Engineer,2
25.58,60.0,6741.41,ATM,Engineer,2
446.1,25.0,1008.44,ATM,Student,1
147.74,23.0,1711.78,Branch,Student,1
1228.81,26.0,1821.0,ATM,Student,1
46.23,77.0,5107.75,Online,Retired,2
265.37,33.0,5229.95,Branch,Engineer,2
342.57,20.0,339.16,Online,Student,1
417.26,32.0,10442.48,Online,Doctor,0
33.63,63.0,4324.4,Online,Retired,2
64.58,55.0,6292.29,Branch,Retired,2
23.23,21.0,269.01,Branch,Student,1
160.52,78.0,5379.25,ATM,Retired,2
278.88,64.0,1334.09,Branch,Doctor,0
285.49,53.0,6366.84,Branch,Doctor,0
71.87,22.0,1839.1,ATM,Student,1
308.8,53.0,3966.5399999999995,ATM,Retired,2
135.35,33.0,9983.36,Branch,Engineer,2
288.43,66.0,4577.09,Branch,Retired,2
147.46,65.0,7458.029999999999,Online,Doctor,0
214.15,32.0,6397.29,Branch,Engineer,2
71.34,49.0,6345.03,Online,Engineer,2
170.36,30.0,6034.73,ATM,Doctor,0
965.66,53.0,765.8099999999998,ATM,Engineer,2
736.53,55.0,9826.26,ATM,Engineer,2
213.42,45.0,3736.3800000000006,ATM,Engineer,2
94.09,27.0,646.8499999999999,Branch,Student,1
91.23,72.0,6385.12,ATM,Retired,2
263.92,57.0,4161.71,Branch,Retired,2
77.5,51.0,11079.77,Online,Doctor,0
3.65,69.0,10017.11,Online,Doctor,0
43.88,26.0,1644.09,Online,Student,1
591.98,28.0,387.65,ATM,Student,1
224.79,18.0,528.38,Online,Student,1
64.3,55.0,7530.299999999999,ATM,Retired,2
111.79,62.0,10887.59,Online,Doctor,0
927.16,59.0,7104.61,ATM,Retired,2
613.7,61.0,7307.11,Branch,Retired,2
26.07,20.0,349.98,Branch,Student,1
170.45,60.0,2284.41,Branch,Engineer,2
344.27,22.0,1918.3600000000001,Branch,Student,1
872.72,22.0,503.01,Online,Student,1
292.95,37.0,1216.91,Branch,Engineer,2
28.44,18.0,1071.04,ATM,Student,1
209.02,21.0,187.9,ATM,Student,1
20.05,72.0,7145.67,ATM,Retired,2
175.02,28.0,1493.88,Online,Student,1
89.5,41.0,8658.95,Branch,Engineer,2
69.96,28.0,164.12,Branch,Student,1
146.51,53.0,7089.9,ATM,Engineer,2
376.78,21.0,841.6499999999999,Online,Student,1
148.54,71.0,5677.05,Branch,Retired,2
388.77,26.0,1658.49,Online,Student,1
100.38,63.0,10171.68,Branch,Doctor,0
137.23,64.0,13847.99,Branch,Doctor,0
870.3,51.0,3688.98,ATM,Retired,2
458.94,52.0,5619.95,Branch,Engineer,2
327.35,20.0,342.08,Branch,Student,1
757.15,53.0,4702.86,Online,Engineer,2
5.64,59.0,12703.24,Online,Doctor,0
47.23,73.0,6659.81,Online,Retired,2
239.41,42.0,7860.65,Online,Doctor,0
7.48,55.0,1275.2,ATM,Engineer,2
170.97,26.0,1265.27,Branch,Student,1
262.43,37.0,12841.01,Online,Doctor,0
659.15,22.0,1241.59,ATM,Student,1
31.53,25.0,874.93,Online,Student,1
111.66,48.0,5716.72,Online,Engineer,2
250.01,62.0,1541.48,ATM,Retired,2
554.15,49.0,14817.22,ATM,Doctor,0
598.66,32.0,2587.11,Branch,Engineer,2
28.38,55.0,173.7,Branch,Doctor,0
16.8,49.0,11847.07,ATM,Doctor,0
896.79,33.0,11146.74,Online,Doctor,0
159.0,49.0,369.79,ATM,Engineer,2
56.31,75.0,6396.08,Online,Retired,2
203.99,52.0,4840.31,Online,Retired,2
50.99,29.0,1334.6,Branch,Doctor,0
101.28,32.0,2774.35,Online,Engineer,2
299.92,27.0,1368.0,ATM,Student,1
77.54,67.0,4536.38,Online,Retired,2
18.35,21.0,1293.39,Branch,Student,1
732.53,26.0,441.54,ATM,Student,1
65.11,34.0,8485.14,ATM,Engineer,2
67.07,24.0,999.6200000000001,ATM,Student,1
137.48,55.0,14273.42,Branch,Doctor,0
398.36,22.0,1863.7,ATM,Student,1
469.46,20.0,8640.56,ATM,Student,1
37.58,57.0,259.44,ATM,Doctor,0
160.24,31.0,5526.97,ATM,Engineer,2
315.39,23.0,929.6,Branch,Student,1
434.17,21.0,5335.44,ATM,Student,1
165.91,26.0,587.1199999999999,ATM,Student,1
211.36,47.0,4760.34,Branch,Engineer,2
241.45000000000002,26.0,1594.04,Online,Student,1
23.24,68.0,13777.79,Branch,Doctor,0
70.88,74.0,1794.65,Branch,Retired,2
1143.67,66.0,7677.760000000001,Online,Retired,2
314.52,80.0,7071.32,ATM,Retired,2
181.81,78.0,7525.7300000000005,Online,Retired,2
854.64,56.0,2989.25,Branch,Retired,2
261.19,64.0,7620.6,ATM,Retired,2
220.68,71.0,5549.2,Online,Retired,2
11.86,31.0,6782.61,Branch,Engineer,2
122.65000000000002,28.0,1968.51,Online,Student,1
395.16,56.0,5340.73,Online,Retired,2
704.69,51.0,3267.84,Online,Retired,2
369.89,69.0,6941.47,ATM,Retired,2
10.92,67.0,7567.2,ATM,Retired,2
199.14,31.0,7001.25,Branch,Engineer,2
109.43,70.0,1983.65,ATM,Retired,2
304.15,20.0,686.9099999999999,Branch,Student,1
620.54,28.0,213.36,Branch,Student,1
757.79,22.0,1443.02,Online,Student,1
122.81,52.0,8450.84,Branch,Doctor,0
96.25,61.0,7996.699999999999,Online,Retired,2
1431.33,30.0,5567.98,ATM,Doctor,0
142.55,67.0,1262.68,Online,Doctor,0
35.94,23.0,1697.28,Branch,Student,1
24.86,58.0,2591.65,Branch,Engineer,2
103.08,60.0,12002.16,Online,Doctor,0
116.27,57.0,8726.92,Online,Engineer,2
363.84,73.0,5415.64,Online,Retired,2
34.74,59.0,3736.57,Online,Retired,2
64.01,19.0,1225.69,Branch,Student,1
108.75,50.0,14829.85,ATM,Doctor,0
50.9,28.0,1277.7,Online,Student,1
206.84,20.0,454.66,Branch,Student,1
37.4,20.0,1519.51,ATM,Student,1
154.21,46.0,8045.77,Online,Engineer,2
199.37,24.0,1331.3,Online,Student,1
410.49,25.0,1843.57,Branch,Student,1
1360.01,67.0,6601.5,Branch,Retired,2
18.23,56.0,8422.2,ATM,Engineer,2
398.7,47.0,7987.740000000001,ATM,Doctor,0
122.14,22.0,327.68,Online,Student,1
378.2,40.0,7372.81,Branch,Engineer,2
124.74,49.0,2987.97,ATM,Engineer,2
17.1,53.0,1619.54,ATM,Retired,2
287.05,22.0,1204.65,ATM,Student,1
874.72,28.0,4630.58,Online,Engineer,2
1762.28,24.0,1380.34,ATM,Student,1
40.12,36.0,14304.38,ATM,Doctor,0
125.00000000000001,49.0,3215.76,Online,Engineer,2
348.44,24.0,1022.94,Online,Student,1
128.4,69.0,2610.64,ATM,Retired,2
320.93,55.0,9451.66,Online,Engineer,2
1.41,53.0,1244.17,ATM,Retired,2
50.52,54.0,12815.24,Branch,Doctor,0
383.95,31.0,9933.56,Online,Engineer,2
12.94,23.0,921.23,Branch,Student,1
329.75,56.0,6009.43,Online,Retired,2
981.76,45.0,602.3599999999999,Online,Doctor,0
40.79,18.0,1769.33,ATM,Student,1
99.25,63.0,2570.34,Online,Retired,2
150.6,69.0,3240.14,ATM,Retired,2
29.5,73.0,1229.32,Online,Retired,2
54.34,65.0,8019.890000000001,ATM,Doctor,0
18.25,53.0,14328.29,ATM,Doctor,0
633.87,27.0,330.16,Online,Student,1
81.15,19.0,1595.26,ATM,Student,1
83.95,75.0,7413.18,Online,Retired,2
410.4,61.0,2563.91,ATM,Retired,2
172.68,33.0,10724.95,ATM,Doctor,0
139.88,34.0,2969.71,ATM,Engineer,2
165.55,28.0,761.7799999999999,Branch,Student,1
53.79,54.0,6229.36,ATM,Engineer,2
285.69,63.0,2552.54,ATM,Retired,2
532.4,22.0,1033.73,ATM,Student,1
293.85,25.0,1919.97,Online,Student,1
27.94,79.0,1893.4399999999998,Branch,Retired,2
270.36,25.0,1783.04,ATM,Student,1
112.66,29.0,852.98,Online,Engineer,2
506.03000000000003,21.0,1123.89,Branch,Student,1
206.95,22.0,1817.65,Branch,Student,1
350.96,63.0,5463.94,ATM,Retired,2
261.63,20.0,477.03,Branch,Student,1
46.12,59.0,8874.01,Branch,Doctor,0
27.25,63.0,5365.2,Branch,Retired,2
1353.93,26.0,7858.41,Branch,Engineer,2
331.66,76.0,7216.3,ATM,Retired,2
667.95,62.0,13558.56,ATM,Doctor,0
49.84,49.0,7872.04,ATM,Doctor,0
556.04,72.0,5200.04,ATM,Retired,2
88.06,18.0,1779.85,Online,Student,1
745.95,58.0,13264.14,ATM,Doctor,0
67.25,19.0,467.4,Online,Student,1
93.63,29.0,9873.62,ATM,Engineer,2
74.11,22.0,1257.9,Branch,Student,1
41.13,77.0,6067.54,Branch,Retired,2
192.02,79.0,5169.07,Online,Retired,2
291.27,77.0,6878.86,Branch,Retired,2
296.46,23.0,558.99,Branch,Student,1
341.84,27.0,1400.04,Branch,Student,1
98.41,27.0,912.7099999999999,Online,Student,1
109.28,36.0,6338.35,Online,Engineer,2
27.51,40.0,13645.63,Online,Doctor,0
12.18,76.0,4909.24,Branch,Retired,2
207.71,25.0,570.0999999999999,Online,Student,1
25.77,45.0,11749.77,Online,Doctor,0
127.56999999999998,52.0,6118.2,ATM,Retired,2
392.05,60.0,4383.69,ATM,Engineer,2
521.01,41.0,4004.55,Branch,Engineer,2
849.76,25.0,373.88,ATM,Student,1
172.5,68.0,6851.16,Online,Doctor,0
265.44,30.0,9700.77,ATM,Engineer,2
152.34,55.0,6853.51,Branch,Doctor,0
21.13,28.0,948.7,Branch,Student,1
111.55,46.0,12221.17,ATM,Doctor,0
321.82,32.0,6500.5,Branch,Engineer,2
1294.81,45.0,9927.75,Branch,Engineer,2
148.77,67.0,2138.42,Branch,Retired,2
14.08,57.0,3908.6499999999996,Branch,Retired,2
1283.97,42.0,11041.9,ATM,Doctor,0
566.33,24.0,379.82,ATM,Student,1
206.51,51.0,3921.74,ATM,Retired,2
180.94,75.0,7659.990000000001,Branch,Retired,2
77.9,21.0,664.7199999999999,Branch,Student,1
318.92,21.0,1167.25,Branch,Student,1
583.3,59.0,5896.01,Online,Engineer,2
100.68,63.0,1123.75,Online,Retired,2
589.64,62.0,2039.4,Online,Retired,2
225.93,25.0,1864.27,Branch,Student,1
651.55,72.0,2325.78,Online,Retired,2
80.97,38.0,5926.31,Online,Doctor,0
191.89,25.0,399.57,Branch,Student,1
304.75,78.0,1916.34,Branch,Retired,2
201.53,68.0,2732.86,Online,Retired,2
8.45,22.0,1115.3,ATM,Student,1
435.98,30.0,7334.08,Branch,Engineer,2
743.24,19.0,1024.19,Online,Student,1
16.27,57.0,10971.32,ATM,Doctor,0
290.86,45.0,14631.88,Online,Doctor,0
85.73,41.0,14928.35,ATM,Doctor,0
555.71,22.0,830.3699999999999,Branch,Student,1
40.03,23.0,6408.8,Branch,Student,1
73.01,25.0,1997.3299999999997,Online,Student,1
346.12,44.0,13084.27,Branch,Doctor,0
1.9299999999999997,47.0,5684.09,Branch,Doctor,0
252.92999999999998,75.0,2760.37,ATM,Retired,2
238.54,19.0,868.9099999999999,ATM,Student,1
1011.22,61.0,5838.91,Branch,Retired,2
58.7,67.0,8937.35,Branch,Doctor,0
7.5600000000000005,40.0,8528.72,ATM,Doctor,0
540.4,45.0,425.77,Branch,Doctor,0
264.14,64.0,8459.26,ATM,Doctor,0
248.15000000000003,75.0,2649.23,ATM,Retired,2
24.34,54.0,6659.12,Branch,Engineer,2
428.61,66.0,11937.04,ATM,Doctor,0
117.66,39.0,6794.17,Branch,Doctor,0
165.8,60.0,2064.76,Online,Engineer,2
289.18,65.0,3139.75,ATM,Retired,2
125.38999999999999,21.0,202.69,ATM,Student,1
305.18,58.0,4474.2,Online,Retired,2
506.90000000000003,64.0,11471.87,Branch,Doctor,0
504.11999999999995,25.0,1107.28,Branch,Student,1
42.09,29.0,5526.28,Branch,Engineer,2
607.28,32.0,9679.68,ATM,Doctor,0
91.9,77.0,1033.94,Online,Retired,2
303.43,22.0,1833.24,Branch,Student,1
668.78,20.0,983.6799999999998,ATM,Student,1
270.54,20.0,269.78,ATM,Student,1
247.93,37.0,9801.48,Branch,Engineer,2
34.67,19.0,888.6,Online,Student,1
326.03,18.0,290.24,Online,Student,1
148.26,25.0,958.7,ATM,Student,1
1086.6,19.0,1605.67,Online,Student,1
373.99,60.0,8590.5,ATM,Doctor,0
254.33999999999997,49.0,5461.08,Online,Engineer,2
819.48,25.0,1804.5,ATM,Student,1
14.0,49.0,7975.179999999999,ATM,Engineer,2
57.16,40.0,222.22,ATM,Engineer,2
282.26,37.0,6857.2,Online,Engineer,2
46.96,46.0,2028.92,Online,Engineer,2
473.2,34.0,248.52,Online,Doctor,0
192.97,59.0,3019.04,ATM,Retired,2
168.99,18.0,1523.57,ATM,Student,1
1.8200000000000003,80.0,5571.39,Online,Retired,2
40.9,55.0,1514.34,ATM,Doctor,0
78.91,61.0,1817.43,Online,Doctor,0
169.97,22.0,6269.12,ATM,Student,1
17.79,61.0,2281.9,Branch,Retired,2
486.61,48.0,2006.69,ATM,Engineer,2
148.13,58.0,2189.38,Branch,Retired,2
164.52,61.0,11036.74,ATM,Doctor,0
720.89,27.0,447.06,ATM,Student,1
268.7,53.0,2104.74,ATM,Retired,2
637.34,51.0,5183.5,ATM,Retired,2
216.76,47.0,643.6399999999999,Online,Engineer,2
418.02,46.0,11011.86,ATM,Doctor,0
292.03,46.0,951.3300000000002,ATM,Engineer,2
251.4,57.0,2561.67,ATM,Retired,2
184.56,21.0,1549.27,Online,Student,1
33.76,26.0,3253.51,Online,Engineer,2
253.46000000000004,45.0,1338.95,ATM,Engineer,2
1612.37,65.0,3910.5900000000006,ATM,Retired,2
138.68,22.0,206.2,Branch,Student,1
42.56,18.0,4361.44,Online,Student,1
680.76,21.0,572.97,Branch,Student,1
53.83,70.0,4580.59,Branch,Retired,2
11.09,51.0,2990.05,Branch,Engineer,2
37.81,63.0,5208.98,Branch,Retired,2
449.18,67.0,1025.99,Online,Retired,2
1135.8,30.0,13534.3,ATM,Doctor,0
297.6,39.0,1461.17,Online,Doctor,0
683.75,32.0,6333.72,Branch,Doctor,0
21.4,48.0,8551.6,Online,Engineer,2
315.94,78.0,4273.99,ATM,Retired,2
331.32,61.0,13054.54,Branch,Doctor,0
223.76,74.0,4102.23,Branch,Retired,2
216.03,42.0,10462.77,ATM,Doctor,0
17.42,74.0,6851.31,ATM,Retired,2
491.91,78.0,2421.94,Online,Retired,2
350.11,74.0,4639.04,Online,Retired,2
218.07,23.0,443.62,Branch,Student,1
291.09,48.0,6312.79,Branch,Engineer,2
422.14,26.0,1436.32,Branch,Student,1
613.21,61.0,3279.12,ATM,Retired,2
73.83,69.0,6020.29,Online,Doctor,0
67.33,59.0,5925.98,Online,Engineer,2
26.92,62.0,1674.94,ATM,Retired,2
18.3,48.0,3733.5200000000004,Online,Engineer,2
317.94,54.0,2996.51,ATM,Engineer,2
179.38,40.0,11666.18,Online,Doctor,0
918.95,68.0,7006.46,Online,Doctor,0
13.92,37.0,2735.84,ATM,Engineer,2
365.43,25.0,1073.51,ATM,Student,1
263.59,71.0,6996.35,Branch,Retired,2
54.8,34.0,4943.49,Branch,Engineer,2
141.49,24.0,1665.58,Online,Student,1
31.389999999999997,20.0,998.4900000000001,ATM,Student,1
93.82,39.0,8422.06,Online,Engineer,2
5.71,21.0,1285.42,Branch,Student,1
178.39,34.0,8469.43,Online,Engineer,2
126.91,22.0,692.6899999999999,ATM,Student,1
36.09,53.0,12319.26,Branch,Doctor,0
91.77,51.0,9240.73,Branch,Doctor,0
198.92,36.0,2854.66,Online,Engineer,2
137.81,58.0,2631.47,Branch,Engineer,2
136.88,24.0,7465.950000000001,Branch,Student,1
133.07,21.0,1670.99,Branch,Student,1
1.14,43.0,13913.92,Branch,Doctor,0
256.34,69.0,7471.630000000001,Branch,Retired,2
56.11,36.0,11123.65,Branch,Doctor,0
118.1,50.0,7976.6,ATM,Engineer,2
137.86,66.0,8046.939999999999,Online,Doctor,0
813.78,54.0,14935.500000000002,ATM,Doctor,0
237.97,69.0,13486.15,ATM,Doctor,0
684.96,21.0,526.67,ATM,Student,1
878.63,60.0,4954.37,ATM,Engineer,2
276.56,68.0,8942.58,Branch,Doctor,0
8.75,79.0,4044.6199999999994,ATM,Retired,2
637.48,65.0,4148.85,Online,Retired,2
103.15,51.0,11388.15,Branch,Doctor,0
505.59999999999997,52.0,5347.57,Branch,Retired,2
371.86,46.0,1329.45,ATM,Doctor,0
14.26,50.0,2475.65,Branch,Engineer,2
13.16,43.0,1019.46,Branch,Engineer,2
167.92,40.0,14321.73,ATM,Doctor,0
73.01,56.0,2833.12,ATM,Retired,2
201.5,61.0,12148.32,Online,Doctor,0
150.3,41.0,14371.08,Online,Doctor,0
23.7,46.0,7947.439999999999,ATM,Doctor,0
49.59,48.0,6037.03,Branch,Engineer,2
720.13,22.0,387.02,ATM,Student,1
134.92,19.0,1081.97,Online,Student,1
116.97,18.0,729.7,ATM,Student,1
11.06,34.0,2782.21,ATM,Engineer,2
88.29,50.0,5245.93,Online,Engineer,2
5.81,25.0,1290.95,ATM,Student,1
103.48,32.0,6494.25,ATM,Engineer,2
156.74,70.0,4004.35,ATM,Retired,2
505.14,68.0,2525.47,ATM,Retired,2
31.060000000000002,46.0,11014.25,ATM,Doctor,0
7.610000000000001,50.0,6275.0,ATM,Doctor,0
276.16,53.0,1733.34,ATM,Retired,2
145.77,68.0,5294.98,ATM,Retired,2
369.44,34.0,5018.67,Online,Engineer,2
558.86,60.0,9844.32,ATM,Doctor,0
429.15,26.0,712.1299999999999,Branch,Student,1
36.74,33.0,6217.58,Branch,Doctor,0
79.14,57.0,2229.56,Online,Retired,2
132.48,36.0,9313.05,Branch,Engineer,2
136.48,52.0,4618.53,Online,Engineer,2
203.76,55.0,6747.16,Branch,Retired,2
750.95,78.0,5134.37,Branch,Retired,2
0.84,52.0,2207.54,ATM,Engineer,2
257.18,67.0,13336.15,Online,Doctor,0
767.66,63.0,1801.69,ATM,Doctor,0
182.29,54.0,522.39,Online,Doctor,0
184.51,54.0,9381.64,Online,Doctor,0
451.31,62.0,2963.29,ATM,Retired,2
144.1,57.0,11523.64,Branch,Doctor,0
72.5,40.0,12723.62,ATM,Doctor,0
74.11,69.0,3920.11,Online,Retired,2
22.15,44.0,7451.83,Branch,Doctor,0
777.92,62.0,7061.58,Branch,Doctor,0
790.07,28.0,985.7700000000001,Online,Student,1
406.33,59.0,4298.34,Branch,Engineer,2
767.41,56.0,12799.34,ATM,Doctor,0
4.58,21.0,811.2399999999999,Online,Student,1
447.83,53.0,13273.08,Branch,Doctor,0
49.67,21.0,842.94,Online,Student,1
77.83,49.0,2471.53,Branch,Engineer,2
702.87,19.0,1237.5,ATM,Student,1
133.56,25.0,783.8299999999999,Online,Student,1
868.05,49.0,3931.03,Online,Engineer,2
52.87,24.0,960.96,Branch,Student,1
179.0,78.0,7310.88,ATM,Retired,2
1168.26,73.0,1385.74,Online,Retired,2
384.11,58.0,7902.5199999999995,ATM,Retired,2
227.61,71.0,4405.28,Online,Retired,2
40.83,48.0,3944.12,ATM,Engineer,2
19.76,20.0,1523.04,ATM,Student,1
484.24,67.0,8042.299999999999,Branch,Doctor,0
494.66,33.0,5531.93,Online,Doctor,0
301.47,21.0,560.73,Branch,Student,1
199.09,70.0,1658.52,Online,Doctor,0
38.95,27.0,731.52,Online,Engineer,2
515.94,29.0,1389.89,ATM,Engineer,2
41.93,48.0,5081.26,ATM,Engineer,2
137.84,27.0,1000.3500000000001,ATM,Student,1
95.35,21.0,1639.9,Online,Student,1
93.14,67.0,5473.82,Online,Retired,2
1427.71,64.0,1729.26,Branch,Doctor,0
79.33,51.0,14798.1,Online,Doctor,0
76.89,55.0,7374.26,ATM,Doctor,0
233.71,19.0,1231.98,Online,Student,1
14.92,26.0,6611.26,Branch,Engineer,2
242.17,60.0,883.7199999999999,ATM,Doctor,0
122.98,79.0,5055.99,Online,Retired,2
129.35,52.0,7166.88,ATM,Engineer,2
138.33,21.0,232.56,Online,Student,1
39.31,25.0,1236.38,Online,Student,1
91.85,21.0,802.09,Online,Student,1
277.7,58.0,1423.2,Branch,Engineer,2
114.03,51.0,13388.56,ATM,Doctor,0
302.63,27.0,2801.28,Branch,Engineer,2
31.19,52.0,5545.96,ATM,Engineer,2
112.91,27.0,4764.48,Online,Engineer,2
742.26,27.0,7868.189999999999,Online,Engineer,2
256.8,26.0,1128.38,ATM,Student,1
378.68,60.0,7627.04,ATM,Doctor,0
571.93,52.0,4026.0300000000007,Online,Retired,2
26.31,77.0,7095.76,Online,Retired,2
205.58,20.0,1501.95,Online,Student,1
533.61,48.0,3656.93,Online,Engineer,2
428.62,55.0,3473.24,Branch,Retired,2
361.22,64.0,7061.73,ATM,Retired,2
837.29,25.0,6012.67,Branch,Student,1
117.25,31.0,13694.68,Online,Doctor,0
135.27,48.0,9410.51,ATM,Doctor,0
185.1,53.0,6115.63,Branch,Retired,2
113.54,38.0,5581.21,Online,Engineer,2
354.96,69.0,6712.94,Online,Doctor,0
224.22,53.0,8400.87,Branch,Doctor,0
737.1,60.0,4644.19,ATM,Retired,2
223.22,27.0,1734.22,ATM,Student,1
557.26,69.0,5237.12,ATM,Doctor,0
1496.57,33.0,969.06,Online,Engineer,2
27.44,62.0,5950.48,ATM,Retired,2
310.09,36.0,9962.5,Branch,Doctor,0
80.38,52.0,9662.88,Online,Doctor,0
26.1,66.0,5243.0,Branch,Doctor,0
845.14,73.0,1702.65,Branch,Retired,2
59.73,27.0,800.93,ATM,Student,1
758.77,60.0,7231.47,ATM,Engineer,2
301.51,22.0,1052.31,ATM,Student,1
418.03,58.0,10721.29,Online,Doctor,0
118.06,32.0,13560.63,Branch,Doctor,0
483.92,70.0,3138.0,ATM,Retired,2
78.93,38.0,9916.24,ATM,Doctor,0
36.63,75.0,7941.73,ATM,Retired,2
87.85,49.0,3753.2400000000002,Branch,Engineer,2
1001.83,31.0,9733.83,Online,Doctor,0
705.34,59.0,5003.22,Online,Doctor,0
146.55,54.0,4087.4400000000005,Online,Retired,2
116.89,71.0,4880.31,Online,Retired,2
106.41,57.0,1310.38,Branch,Retired,2
1087.9,78.0,2513.51,ATM,Retired,2
584.41,23.0,4475.22,ATM,Student,1
584.98,55.0,6521.05,Branch,Retired,2
79.21,56.0,1615.04,Branch,Retired,2
173.13,20.0,1490.34,Online,Student,1
335.7,80.0,6601.44,ATM,Retired,2
1225.5,50.0,8611.17,Online,Doctor,0
422.81,28.0,1929.2799999999997,Branch,Student,1
135.43,57.0,5315.83,ATM,Retired,2
584.88,26.0,548.45,ATM,Student,1
308.94,25.0,1931.6599999999999,Online,Student,1
295.93,36.0,1050.63,Branch,Doctor,0
1512.99,19.0,9963.39,Online,Student,1
77.44,58.0,1950.63,Branch,Retired,2
92.5,40.0,6295.45,Online,Engineer,2
97.74,41.0,4113.63,Online,Engineer,2
291.68,21.0,1451.02,ATM,Student,1
56.96,22.0,1597.85,ATM,Student,1
436.8,27.0,1256.33,Online,Student,1
259.49,72.0,7320.61,Online,Retired,2
726.26,57.0,2150.38,Online,Retired,2
568.68,72.0,2940.04,ATM,Retired,2
77.57,49.0,12801.93,Online,Doctor,0
999.28,29.0,4272.41,Online,Engineer,2
14.16,74.0,5399.76,Branch,Retired,2
1142.83,61.0,2467.39,Branch,Retired,2
61.330000000000005,27.0,7537.400000000001,ATM,Engineer,2
27.64,54.0,7498.509999999999,Online,Engineer,2
3.85,29.0,10506.41,ATM,Doctor,0
431.22,73.0,6505.98,Branch,Retired,2
178.55,55.0,7568.400000000001,Branch,Engineer,2
248.76,18.0,546.46,ATM,Student,1
76.16,23.0,1072.25,ATM,Student,1
347.25,69.0,7273.55,ATM,Doctor,0
28.04,57.0,11197.54,ATM,Doctor,0
325.98,19.0,782.35,ATM,Student,1
249.56000000000003,76.0,4444.95,Branch,Retired,2
17.43,56.0,10658.88,ATM,Doctor,0
198.01,26.0,250.93000000000004,Branch,Student,1
585.58,23.0,1729.02,Branch,Student,1
434.67,27.0,1298.13,Online,Student,1
510.7,27.0,5828.48,Online,Student,1
331.98,74.0,7600.99,ATM,Retired,2
199.54,56.0,9603.73,Online,Engineer,2
212.97,59.0,4180.4,Online,Engineer,2
270.56,23.0,1268.44,Online,Student,1
306.37,26.0,9609.67,ATM,Engineer,2
643.02,38.0,11989.39,ATM,Doctor,0
98.48,47.0,9538.92,Branch,Engineer,2
889.01,36.0,4826.88,Online,Engineer,2
537.86,27.0,293.06,Online,Student,1
241.18,25.0,1445.53,ATM,Student,1
130.54,64.0,11204.62,ATM,Doctor,0
800.29,20.0,693.4,Branch,Student,1
8.81,57.0,13523.65,Online,Doctor,0
28.52,20.0,662.51,ATM,Student,1
431.31,23.0,342.73,Online,Student,1
885.33,47.0,7764.159999999999,ATM,Engineer,2
199.23,29.0,9834.0,ATM,Engineer,2
42.26,44.0,268.77,ATM,Doctor,0
166.06,30.0,5397.68,ATM,Engineer,2
357.72,53.0,7659.500000000001,ATM,Retired,2
588.37,28.0,1926.0799999999997,Online,Student,1
72.82,68.0,6911.62,Online,Doctor,0
162.36,36.0,7527.040000000001,Online,Engineer,2
584.82,43.0,12071.1,Online,Doctor,0
38.15,72.0,1425.47,Online,Retired,2
477.54,23.0,1598.63,ATM,Student,1
639.57,60.0,11726.47,Branch,Doctor,0
58.23,28.0,9189.76,Online,Student,1
776.21,78.0,4895.87,Online,Retired,2
248.76,21.0,6178.77,Branch,Student,1
188.61,67.0,7167.57,Online,Retired,2
675.37,56.0,4704.91,Online,Retired,2
94.82,67.0,1267.72,Branch,Retired,2
425.18,59.0,5790.55,Online,Engineer,2
50.28,60.0,5729.1,Branch,Engineer,2
864.72,34.0,7379.38,Branch,Engineer,2
70.68,25.0,1478.41,Online,Student,1
261.77,28.0,824.7099999999999,Online,Student,1
183.22,27.0,1024.42,ATM,Student,1
58.32,29.0,6027.49,Branch,Engineer,2
156.86,51.0,14453.35,ATM,Doctor,0
120.67,42.0,5374.54,ATM,Doctor,0
308.62,59.0,9148.08,Branch,Engineer,2
506.81,59.0,2757.23,ATM,Engineer,2
328.39,41.0,2523.83,ATM,Engineer,2
796.3,67.0,1498.79,Branch,Retired,2
72.47,29.0,1305.56,Online,Doctor,0
279.6,25.0,1910.9000000000003,ATM,Student,1
304.2,25.0,423.64,Online,Student,1
351.38,64.0,7606.63,Branch,Retired,2
86.07,31.0,842.5599999999998,Branch,Doctor,0
604.5,28.0,709.4199999999998,ATM,Student,1
258.7,27.0,1358.37,ATM,Student,1
994.6299999999999,61.0,13538.14,Online,Doctor,0
11.46,75.0,7258.33,Branch,Retired,2
63.75999999999999,69.0,4980.26,ATM,Retired,2
446.83,55.0,1623.5,Branch,Retired,2
63.540000000000006,26.0,4401.78,ATM,Engineer,2
81.11,48.0,2051.37,Online,Engineer,2
441.26,58.0,13704.92,Branch,Doctor,0
170.96,64.0,13374.89,Branch,Doctor,0
48.51,22.0,3363.23,Branch,Student,1
325.03,60.0,13521.76,Branch,Doctor,0
125.83,57.0,6109.86,ATM,Retired,2
506.83,37.0,9975.79,Branch,Engineer,2
738.94,41.0,13856.18,Branch,Doctor,0
180.36,33.0,9905.23,Online,Engineer,2
225.1,28.0,1547.71,ATM,Student,1
359.51,79.0,7153.72,Online,Retired,2
720.46,54.0,3101.54,Branch,Retired,2
1116.57,56.0,1393.14,ATM,Retired,2
291.46,57.0,7142.53,ATM,Retired,2
1192.95,23.0,325.15,Branch,Student,1
98.24,28.0,580.66,Online,Student,1
100.48,18.0,6149.81,Branch,Student,1
45.9,56.0,5698.25,Branch,Engineer,2
258.21,39.0,9562.41,Online,Doctor,0
1079.11,53.0,2038.31,Online,Engineer,2
287.51,22.0,187.65,Online,Student,1
501.29999999999995,26.0,8520.08,Online,Engineer,2
26.1,27.0,1435.72,ATM,Student,1
436.77,20.0,825.69,ATM,Student,1
292.38,68.0,5803.89,ATM,Doctor,0
1026.46,53.0,3134.47,Branch,Retired,2
25.29,50.0,5374.69,Online,Engineer,2
123.34999999999998,31.0,6852.16,Online,Doctor,0
139.52,23.0,1570.22,Branch,Student,1
51.2,18.0,730.6,Online,Student,1
122.85,47.0,13185.39,Online,Doctor,0
161.38,24.0,3900.3399999999997,Online,Student,1
2.51,63.0,4891.56,Online,Retired,2
22.62,64.0,7682.0,ATM,Doctor,0
126.83000000000001,57.0,6100.98,Branch,Retired,2
46.6,55.0,1562.9,Online,Doctor,0
243.8,57.0,13732.81,Branch,Doctor,0
231.51,60.0,5790.7,Branch,Retired,2
175.05,39.0,1447.35,Online,Engineer,2
762.74,64.0,207.1,ATM,Doctor,0
34.03,57.0,3077.2,Branch,Engineer,2
15.950000000000001,25.0,1983.0,Branch,Student,1
926.53,57.0,3120.1,ATM,Engineer,2
101.51,46.0,3052.47,Online,Engineer,2
309.42,27.0,8564.46,Branch,Engineer,2
257.6,59.0,7950.74,Online,Retired,2
746.78,21.0,1699.81,Branch,Student,1
82.01,23.0,287.46,Branch,Student,1
476.99,23.0,1154.48,Online,Student,1
320.11,23.0,4076.4799999999996,Branch,Student,1
333.39,68.0,10628.59,ATM,Doctor,0
10.3,47.0,7801.32,ATM,Engineer,2
737.46,53.0,634.16,Branch,Doctor,0
416.55,33.0,922.9599999999999,Online,Engineer,2
84.91,18.0,1671.86,Online,Student,1
98.95,75.0,5670.82,Branch,Retired,2
18.14,58.0,6020.85,ATM,Retired,2
1154.79,51.0,6180.3,ATM,Doctor,0
215.13,46.0,3956.6899999999996,Online,Engineer,2
218.57,62.0,13869.86,Branch,Doctor,0
341.88,43.0,4159.52,ATM,Engineer,2
691.92,19.0,1084.65,Online,Student,1
50.43,32.0,9794.26,Branch,Doctor,0
440.43,78.0,5123.24,Branch,Retired,2
299.03,39.0,1381.28,Branch,Engineer,2
1.98,66.0,11619.1,ATM,Doctor,0
173.45,31.0,9077.62,ATM,Engineer,2
438.76,22.0,1824.19,Branch,Student,1
519.62,71.0,4159.33,Online,Retired,2
738.68,50.0,14352.33,Online,Doctor,0
151.14,64.0,2156.54,Online,Retired,2
75.77,51.0,8361.7,Branch,Engineer,2
444.52,27.0,5424.6,Online,Engineer,2
5.29,52.0,11263.89,Online,Doctor,0
97.63,48.0,12467.31,Online,Doctor,0
256.95,26.0,2531.24,Branch,Engineer,2
734.86,48.0,6242.03,Branch,Engineer,2
1250.94,36.0,11565.97,ATM,Doctor,0
84.28,39.0,13586.06,Branch,Doctor,0
927.45,24.0,1161.84,ATM,Student,1
202.49,48.0,7447.099999999999,ATM,Engineer,2
154.99,25.0,1419.31,Branch,Student,1
481.53,58.0,6142.54,Branch,Retired,2
172.92,20.0,416.37,Online,Student,1
275.59,53.0,6313.22,Branch,Retired,2
207.2,60.0,8092.9400000000005,Online,Engineer,2
136.82,31.0,6229.13,Branch,Engineer,2
624.0,26.0,4976.18,Branch,Engineer,2
179.38,30.0,8741.51,Online,Engineer,2
10.15,59.0,7155.04,ATM,Doctor,0
26.3,32.0,7473.73,ATM,Doctor,0
319.5,29.0,2366.3,Branch,Engineer,2
182.42,51.0,3051.29,Branch,Retired,2
716.62,44.0,6987.4,ATM,Doctor,0
222.96,65.0,7370.41,ATM,Doctor,0
79.77,68.0,5010.31,ATM,Retired,2
431.08,59.0,6760.22,Branch,Retired,2
592.24,52.0,9817.05,ATM,Doctor,0
200.19,52.0,4389.96,Branch,Retired,2
297.5,73.0,6768.14,Branch,Retired,2
345.86,51.0,1504.64,ATM,Retired,2
343.88,63.0,6486.18,Online,Retired,2
16.52,25.0,835.5299999999999,Online,Student,1
162.1,41.0,8576.65,Branch,Engineer,2
36.12,22.0,1593.03,Online,Student,1
354.91,74.0,3872.5500000000006,ATM,Retired,2
38.41,40.0,9129.68,ATM,Doctor,0
53.52,49.0,2227.49,Branch,Engineer,2
498.59,57.0,2619.46,Online,Retired,2
13.3,23.0,213.0,ATM,Student,1
189.65,21.0,8457.09,ATM,Student,1
255.32,80.0,6290.62,ATM,Retired,2
230.51,51.0,9522.37,Branch,Engineer,2
237.74,61.0,11795.12,ATM,Doctor,0
512.76,52.0,5121.36,ATM,Doctor,0
151.37,54.0,8356.08,ATM,Engineer,2
85.01,25.0,1299.4,ATM,Student,1
444.47,57.0,6062.94,Online,Retired,2
184.19,67.0,7588.67,ATM,Retired,2
879.25,24.0,125.84999999999998,Online,Student,1
55.98,24.0,7047.04,Branch,Student,1
54.91,41.0,7927.2699999999995,ATM,Engineer,2
1047.69,20.0,1889.7799999999997,Online,Student,1
393.74,26.0,1769.06,Online,Student,1
58.94,30.0,4575.98,Online,Engineer,2
515.57,27.0,9269.67,ATM,Engineer,2
332.15,59.0,9749.46,ATM,Doctor,0
177.94,19.0,123.23999999999998,Online,Student,1
68.68,49.0,4718.51,Online,Engineer,2
1431.54,20.0,1171.98,Online,Student,1
240.03,33.0,7807.73,Online,Engineer,2
168.34,64.0,7483.01,ATM,Retired,2
474.77,46.0,8494.53,Online,Engineer,2
451.7,29.0,8994.67,Online,Engineer,2
243.84999999999997,39.0,4576.78,Branch,Engineer,2
5.76,38.0,5859.79,Branch,Engineer,2
435.08,55.0,2103.41,Online,Engineer,2
127.78,20.0,1046.66,ATM,Student,1
23.14,47.0,10536.54,Online,Doctor,0
545.87,27.0,4860.01,Branch,Engineer,2
21.21,55.0,9575.42,Online,Engineer,2
423.53,50.0,5453.4,Branch,Doctor,0
142.1,18.0,1545.64,Online,Student,1
1413.24,58.0,7272.01,ATM,Engineer,2
114.15,19.0,1612.4,ATM,Student,1
275.98,72.0,6151.05,Online,Retired,2
590.68,27.0,852.1999999999999,Branch,Student,1
152.42,42.0,9141.79,ATM,Doctor,0
395.77,43.0,6425.99,Branch,Doctor,0
615.16,26.0,214.61,Online,Student,1
207.82,19.0,229.02,Online,Student,1
220.52,57.0,1793.09,ATM,Retired,2
281.47,34.0,4437.48,ATM,Engineer,2
57.91,58.0,3641.06,Branch,Engineer,2
30.48,32.0,11481.85,Branch,Doctor,0
1152.58,65.0,7567.17,Branch,Retired,2
453.09,48.0,6708.65,Branch,Doctor,0
424.47,22.0,5491.55,Online,Student,1
228.4,67.0,9598.43,ATM,Doctor,0
67.17,63.0,14410.44,Online,Doctor,0
284.89,53.0,9738.6,Online,Doctor,0
118.69,33.0,749.3399999999999,Online,Doctor,0
221.33,27.0,1185.43,ATM,Student,1
252.31,26.0,1584.6,ATM,Student,1
58.85,71.0,1789.8,Online,Retired,2
194.68,32.0,14494.18,Online,Doctor,0
433.53,38.0,6368.32,Branch,Doctor,0
178.26,59.0,1137.13,ATM,Retired,2
207.65,34.0,5143.8,Online,Engineer,2
237.0,49.0,14021.4,Online,Doctor,0
1169.59,28.0,5946.45,Online,Student,1
347.63,25.0,1400.04,Online,Student,1
517.68,31.0,11305.81,ATM,Doctor,0
36.25,52.0,193.06,Branch,Doctor,0
46.53,42.0,4468.12,ATM,Engineer,2
207.47,53.0,1688.9,ATM,Doctor,0
199.7,43.0,7574.449999999999,ATM,Engineer,2
307.89,62.0,2637.55,Online,Retired,2
403.63,31.0,3304.02,Branch,Engineer,2
20.06,27.0,445.21,ATM,Student,1
236.57,79.0,3488.77,ATM,Retired,2
0.32,39.0,7158.58,ATM,Engineer,2
14.28,23.0,1597.51,ATM,Student,1
232.35,33.0,4186.25,Branch,Engineer,2
317.53,44.0,6237.68,Online,Engineer,2
74.67,43.0,3449.35,ATM,Engineer,2
65.01,29.0,10235.19,Online,Doctor,0
0.45,34.0,8670.23,Branch,Engineer,2
364.13,63.0,8198.0,ATM,Doctor,0
340.13,24.0,1149.74,Branch,Student,1
15.810000000000002,69.0,8384.85,Branch,Doctor,0
222.66,39.0,14466.38,Online,Doctor,0
638.24,48.0,5695.78,Branch,Engineer,2
241.21,31.0,1220.86,ATM,Engineer,2
171.16,51.0,6126.5,Online,Retired,2
1360.67,29.0,2861.65,Branch,Engineer,2
37.65,27.0,411.78,Online,Student,1
25.77,68.0,4331.54,Online,Retired,2
789.8,40.0,13948.09,ATM,Doctor,0
308.85,20.0,333.19,Branch,Student,1
1454.52,27.0,1189.03,ATM,Student,1
806.97,25.0,102.2,Online,Student,1
364.81,25.0,1145.23,Online,Student,1
490.82,26.0,8704.27,ATM,Engineer,2
1021.3799999999999,61.0,6223.26,Branch,Doctor,0
311.28,49.0,135.96,Branch,Doctor,0
85.03,51.0,4597.57,ATM,Retired,2
307.75,64.0,1061.58,Branch,Doctor,0
333.67,36.0,9238.08,Online,Engineer,2
589.89,56.0,9404.63,Branch,Engineer,2
372.08,66.0,13330.74,Branch,Doctor,0
502.9,26.0,341.24,Online,Student,1
103.81,36.0,7044.63,ATM,Doctor,0
69.43,30.0,9281.85,ATM,Engineer,2
110.4,56.0,8639.36,ATM,Doctor,0
275.65,28.0,4957.57,Branch,Engineer,2
336.01,63.0,9938.2,Online,Doctor,0
251.8,62.0,11796.66,ATM,Doctor,0
334.07,59.0,7306.79,Branch,Engineer,2
52.44,27.0,3157.75,Online,Student,1
1030.85,25.0,1941.8,ATM,Student,1
141.37,46.0,1019.7699999999999,Online,Engineer,2
211.7,50.0,12272.78,Online,Doctor,0
61.39999999999999,41.0,7892.87,Branch,Engineer,2
308.23,60.0,4150.63,ATM,Retired,2
111.41,21.0,1204.11,Branch,Student,1
675.49,61.0,1892.9999999999998,ATM,Retired,2
29.72,26.0,1059.62,ATM,Student,1
301.73,67.0,990.7399999999999,Online,Doctor,0
294.61,60.0,7375.59,Branch,Retired,2
106.43,52.0,9403.12,ATM,Engineer,2
381.52,36.0,5798.92,Online,Doctor,0
1142.76,25.0,1498.93,Online,Student,1
5.66,40.0,5434.64,Branch,Engineer,2
209.09,48.0,9100.81,ATM,Doctor,0
521.81,47.0,4750.96,ATM,Engineer,2
588.36,33.0,8434.99,Online,Engineer,2
146.67,20.0,1569.75,Online,Student,1
176.52,73.0,7132.08,Online,Retired,2
57.34,27.0,1100.64,Online,Student,1
294.77,77.0,2272.17,Online,Retired,2
881.32,31.0,2287.93,Online,Engineer,2
162.59,64.0,7104.83,Branch,Retired,2
56.15,31.0,13265.92,Branch,Doctor,0
524.55,39.0,8292.75,ATM,Doctor,0
535.4,23.0,651.8399999999999,Branch,Student,1
56.84,45.0,7977.78,ATM,Engineer,2
135.94,71.0,4710.21,Branch,Retired,2
47.1,42.0,6308.07,Branch,Doctor,0
124.05,61.0,7009.54,Branch,Doctor,0
802.89,19.0,1973.63,ATM,Student,1
193.16,64.0,2304.56,ATM,Retired,2
541.52,48.0,6087.24,Branch,Engineer,2
20.17,77.0,3869.3699999999994,ATM,Retired,2
35.98,40.0,11147.34,Branch,Doctor,0
273.24,51.0,2202.21,Branch,Retired,2
663.45,67.0,5897.29,ATM,Retired,2
343.86,57.0,3278.65,Branch,Engineer,2
69.38,69.0,12072.11,Branch,Doctor,0
75.43,77.0,1441.86,ATM,Retired,2
414.64,32.0,7253.22,Branch,Doctor,0
86.79,33.0,8795.37,Branch,Doctor,0
1105.88,34.0,2636.32,ATM,Engineer,2
14.1,45.0,6949.21,Branch,Engineer,2
63.330000000000005,23.0,792.33,Branch,Student,1
606.27,29.0,9668.78,Branch,Doctor,0
4.47,27.0,1381.75,Branch,Student,1
289.01,66.0,4226.26,Online,Retired,2
338.69,18.0,1137.89,Branch,Student,1
97.73,69.0,7885.209999999999,Branch,Doctor,0
1021.16,20.0,9427.06,ATM,Student,1
27.61,54.0,3679.64,ATM,Retired,2
284.17,51.0,3479.56,ATM,Retired,2
76.21,22.0,664.9299999999998,Branch,Student,1
334.79,69.0,624.0899999999999,Branch,Doctor,0
584.51,74.0,3254.56,ATM,Retired,2
432.18,18.0,678.8299999999999,Branch,Student,1
134.55,59.0,14852.42,Online,Doctor,0
61.66,26.0,5705.4,ATM,Student,1
12.35,25.0,1846.85,Branch,Student,1
213.25,25.0,677.7899999999998,Branch,Student,1
34.93,31.0,2810.37,Branch,Engineer,2
959.48,67.0,10631.43,Branch,Doctor,0
335.68,24.0,1188.95,Online,Student,1
423.96,43.0,8374.38,ATM,Doctor,0
361.38,72.0,4972.92,Online,Retired,2
220.82,42.0,4298.13,Branch,Engineer,2
717.36,22.0,514.88,Online,Student,1
406.12,42.0,10501.53,ATM,Doctor,0
427.83,47.0,3293.06,ATM,Engineer,2
416.62,26.0,9700.9,Online,Student,1
21.9,28.0,1052.27,ATM,Student,1
717.74,42.0,8375.16,Online,Engineer,2
393.68,55.0,10135.88,ATM,Doctor,0
281.91,25.0,225.53,Branch,Student,1
239.85,70.0,1477.63,ATM,Retired,2
237.84,26.0,8932.39,Branch,Student,1
459.29,64.0,1006.12,Online,Retired,2
196.49,41.0,7516.560000000001,Branch,Engineer,2
21.23,23.0,319.18,ATM,Student,1
95.23,20.0,966.8799999999999,Online,Student,1
344.87,58.0,7447.44,Branch,Retired,2
129.62,23.0,620.28,ATM,Student,1
16.53,21.0,707.95,ATM,Student,1
277.02,46.0,8586.38,ATM,Doctor,0
13.02,51.0,6076.45,Branch,Doctor,0
199.02,22.0,793.6299999999999,ATM,Student,1
684.5,29.0,6258.63,Branch,Doctor,0
1173.74,61.0,10456.24,Online,Doctor,0
45.92,26.0,544.56,ATM,Student,1
761.73,19.0,151.28,ATM,Student,1
331.38,42.0,844.5499999999998,ATM,Engineer,2
602.8,60.0,7417.69,Branch,Retired,2
64.12,57.0,1029.09,Branch,Doctor,0
57.38,28.0,899.5199999999999,Online,Student,1
94.64,28.0,586.76,ATM,Student,1
155.56,19.0,129.79,Branch,Student,1
301.39,47.0,10548.58,Online,Doctor,0
136.31,74.0,4384.95,Online,Retired,2
4.39,26.0,1429.61,ATM,Student,1
429.25,29.0,5019.68,Online,Engineer,2
138.54,60.0,8274.77,Branch,Engineer,2
33.03,21.0,935.8800000000001,Branch,Student,1
76.39,30.0,11584.32,Online,Doctor,0
25.32,19.0,1642.34,ATM,Student,1
330.91,36.0,6481.35,ATM,Engineer,2
153.55,37.0,5619.91,Online,Doctor,0
217.61,27.0,1661.1,Online,Student,1
131.69,53.0,2958.43,Branch,Engineer,2
953.17,60.0,3506.11,Online,Retired,2
68.49,67.0,6683.31,Online,Retired,2
1493.0,69.0,1619.16,ATM,Retired,2
470.62,57.0,12470.62,Branch,Doctor,0
385.35,38.0,5184.13,Branch,Doctor,0
74.72,26.0,165.75,Online,Student,1
352.03,27.0,4846.68,Online,Student,1
275.87,25.0,1697.58,ATM,Student,1
90.94,63.0,3896.08,ATM,Retired,2
206.25,74.0,3651.07,ATM,Retired,2
116.76,51.0,4480.43,ATM,Engineer,2
91.5,47.0,667.6599999999999,ATM,Doctor,0
489.31000000000006,43.0,5595.22,Branch,Engineer,2
1664.33,18.0,1588.31,Branch,Student,1
414.49,58.0,12709.58,Online,Doctor,0
315.13,30.0,6570.94,Branch,Engineer,2
28.38,45.0,8892.62,Branch,Doctor,0
456.05,68.0,11729.51,Branch,Doctor,0
277.22,35.0,12104.51,Branch,Doctor,0
54.84,52.0,3495.51,Online,Retired,2
29.92,68.0,7855.01,Online,Doctor,0
133.06,35.0,8843.44,Online,Engineer,2
332.06,29.0,11826.52,ATM,Doctor,0
14.34,67.0,7932.509999999999,Online,Retired,2
468.32,69.0,4710.04,Online,Retired,2
582.17,57.0,7310.83,Branch,Engineer,2
245.62,23.0,1879.8200000000002,Branch,Student,1
981.9,43.0,9018.33,Online,Doctor,0
83.6,47.0,13899.24,ATM,Doctor,0
331.22,61.0,12613.25,Branch,Doctor,0
57.49,24.0,765.1499999999999,Online,Student,1
85.58,55.0,7794.84,ATM,Engineer,2
157.56,43.0,7541.160000000001,Branch,Doctor,0
230.3,46.0,8356.88,Online,Engineer,2
305.92,72.0,1445.47,ATM,Retired,2
942.7,35.0,5141.32,Online,Engineer,2
116.33,27.0,1696.15,Branch,Student,1
537.71,19.0,1806.08,Online,Student,1
538.17,27.0,5908.04,Branch,Engineer,2
219.44,42.0,4207.27,Online,Engineer,2
61.62,57.0,8365.37,Online,Doctor,0
58.77,27.0,7261.7,Online,Engineer,2
538.13,62.0,5008.59,ATM,Retired,2
177.05,24.0,4287.82,Branch,Student,1
403.01,63.0,10513.52,Online,Doctor,0
719.76,19.0,690.5199999999999,Branch,Student,1
163.22,26.0,1788.27,Online,Student,1
242.85,42.0,4672.8,Online,Engineer,2
291.22,41.0,3677.63,Online,Engineer,2
56.52,42.0,6911.2,ATM,Engineer,2
195.8,39.0,12027.68,Online,Doctor,0
66.76,36.0,184.72,Branch,Doctor,0
190.9,28.0,101.25,Online,Student,1
106.99,38.0,5771.4,Branch,Engineer,2
655.81,55.0,4539.99,ATM,Retired,2
107.1,25.0,193.8,Online,Student,1
79.92,44.0,9138.76,ATM,Engineer,2
430.83,18.0,941.4899999999999,Branch,Student,1
235.34,26.0,566.83,Branch,Student,1
86.35,52.0,1550.48,Branch,Retired,2
337.99,70.0,9038.63,ATM,Doctor,0
577.13,40.0,6640.51,Branch,Engineer,2
213.33,52.0,5400.44,ATM,Retired,2
54.52,32.0,6980.98,Branch,Doctor,0
100.13,57.0,5209.16,Branch,Doctor,0
883.92,53.0,2342.64,Online,Retired,2
69.8,27.0,136.77,Branch,Student,1
768.94,64.0,6860.18,Branch,Retired,2
179.62,24.0,409.26,Online,Student,1
425.91,23.0,383.58,ATM,Student,1
263.34,64.0,2411.02,ATM,Retired,2
113.03,36.0,6756.13,Online,Doctor,0
11.02,42.0,7879.66,Online,Doctor,0
865.17,24.0,9297.5,Branch,Student,1
152.0,51.0,7531.429999999999,ATM,Engineer,2
270.39,25.0,899.15,ATM,Student,1
246.40999999999997,54.0,1431.6,ATM,Retired,2
336.84,22.0,4500.26,ATM,Student,1
261.45,50.0,6735.74,Online,Engineer,2
99.98,73.0,3037.97,Online,Retired,2
400.69,32.0,9040.33,Online,Engineer,2
411.47,26.0,796.63,ATM,Student,1
204.63,52.0,9199.52,Online,Engineer,2
421.56,53.0,8037.870000000001,Online,Engineer,2
193.38,18.0,1081.79,ATM,Student,1
377.04,34.0,3812.87,ATM,Engineer,2
54.1,28.0,940.91,Branch,Engineer,2
18.1,57.0,6474.34,ATM,Retired,2
408.62,48.0,2498.48,Online,Engineer,2
162.1,64.0,9578.74,Branch,Doctor,0
165.31,49.0,7346.66,ATM,Doctor,0
267.48,21.0,811.86,ATM,Student,1
856.9,36.0,8579.69,Branch,Engineer,2
433.9,65.0,9013.1,Online,Doctor,0
271.22,45.0,6863.02,ATM,Doctor,0
307.68,75.0,2052.84,Online,Retired,2
348.17,21.0,1887.84,ATM,Student,1
43.1,25.0,6944.9,Branch,Student,1
557.78,26.0,1289.48,Branch,Student,1
325.6,69.0,13777.1,ATM,Doctor,0
235.83,53.0,4120.75,Online,Engineer,2
603.54,44.0,10517.47,Online,Doctor,0
270.25,31.0,5414.97,ATM,Engineer,2
123.38,59.0,13542.41,Online,Doctor,0
577.12,39.0,5265.88,ATM,Engineer,2
92.24,60.0,6937.48,Branch,Engineer,2
856.21,33.0,12690.79,Branch,Doctor,0
251.54000000000002,48.0,254.75,Branch,Doctor,0
28.63,56.0,3382.91,Branch,Retired,2
185.97,23.0,1776.91,Online,Student,1
243.08000000000004,24.0,131.25,Online,Student,1
